u,v,weight
2903.0,2688.0,-0.029737
1.0,2.0,-0.029737
2.0,18.0,-0.0594741
17.0,18.0,-0.0594741
225.0,226.0,-0.0223028
3.0,4.0,-0.0743426
18.0,19.0,-0.0594741
18.0,34.0,-0.0594741
226.0,242.0,-0.0446056
4.0,5.0,-0.29737
19.0,20.0,-0.148685
227.0,228.0,-0.055757
5.0,6.0,-0.29737
20.0,21.0,-0.594741
228.0,229.0,-0.223028
6.0,7.0,-0.29737
21.0,22.0,-0.594741
229.0,230.0,-0.223028
7.0,8.0,-0.0991235
22.0,23.0,-0.594741
230.0,231.0,-0.223028
8.0,9.0,-0.0991235
23.0,24.0,-0.198247
231.0,232.0,-0.0743426
9.0,10.0,-0.0743426
24.0,25.0,-0.198247
232.0,233.0,-0.0743426
10.0,11.0,-0.0991235
25.0,26.0,-0.148685
233.0,234.0,-0.055757
11.0,12.0,-0.0594741
26.0,27.0,-0.198247
234.0,235.0,-0.0743426
12.0,13.0,-0.0594741
27.0,28.0,-0.118948
235.0,236.0,-0.0446056
13.0,29.0,-0.0446056
28.0,29.0,-0.118948
236.0,237.0,-0.0446056
14.0,30.0,-0.0892111
29.0,30.0,-0.0594741
29.0,45.0,-0.0446056
237.0,253.0,-0.0334542
15.0,31.0,-0.118948
30.0,46.0,-0.0892111
238.0,254.0,-0.0669084
16.0,32.0,-0.0594741
31.0,47.0,-0.118948
239.0,255.0,-0.0892111
32.0,48.0,-0.0594741
240.0,256.0,-0.0446056
33.0,49.0,-0.0743426
241.0,242.0,-0.0446056
34.0,50.0,-0.148685
242.0,243.0,-0.0446056
242.0,258.0,-0.0446056
242.0,466.0,-0.029737
35.0,36.0,-0.10408
35.0,51.0,-0.10408
243.0,244.0,-0.111514
36.0,37.0,-0.416319
244.0,245.0,-0.446056
37.0,38.0,-0.416319
245.0,246.0,-0.446056
38.0,39.0,-0.416319
246.0,247.0,-0.446056
39.0,40.0,-0.138773
247.0,248.0,-0.148685
40.0,41.0,-0.138773
248.0,249.0,-0.148685
41.0,42.0,-0.10408
41.0,57.0,-0.0520398
249.0,250.0,-0.111514
42.0,43.0,-0.138773
250.0,251.0,-0.148685
43.0,44.0,-0.0832637
43.0,59.0,-0.0594741
251.0,252.0,-0.0892111
44.0,45.0,-0.0832637
44.0,60.0,-0.0743426
252.0,253.0,-0.0892111
45.0,61.0,-0.111514
253.0,254.0,-0.0446056
253.0,269.0,-0.0334542
253.0,477.0,-0.0223028
46.0,62.0,-0.223028
254.0,270.0,-0.0669084
254.0,478.0,-0.0446056
47.0,63.0,-0.29737
255.0,271.0,-0.0892111
255.0,479.0,-0.0594741
48.0,64.0,-0.148685
256.0,272.0,-0.0446056
256.0,480.0,-0.029737
49.0,65.0,-0.0991235
257.0,273.0,-0.055757
50.0,66.0,-0.198247
258.0,274.0,-0.111514
51.0,67.0,-0.138773
259.0,260.0,-0.0780598
259.0,275.0,-0.0780598
52.0,53.0,-0.208159
260.0,261.0,-0.312239
53.0,54.0,-0.208159
261.0,262.0,-0.312239
54.0,55.0,-0.208159
262.0,263.0,-0.312239
55.0,56.0,-0.0693864
263.0,264.0,-0.10408
56.0,57.0,-0.0693864
56.0,72.0,-0.0594741
264.0,265.0,-0.10408
57.0,73.0,-0.0693864
265.0,266.0,-0.0780598
265.0,281.0,-0.0390299
58.0,59.0,-0.0693864
58.0,74.0,-0.0693864
266.0,267.0,-0.10408
59.0,75.0,-0.0792988
267.0,268.0,-0.0624478
267.0,283.0,-0.0446056
60.0,76.0,-0.0991235
268.0,269.0,-0.0624478
268.0,284.0,-0.055757
61.0,77.0,-0.148685
269.0,285.0,-0.0836355
62.0,78.0,-0.29737
270.0,286.0,-0.167271
63.0,79.0,-0.396494
271.0,287.0,-0.223028
64.0,80.0,-0.198247
272.0,288.0,-0.111514
65.0,81.0,-0.0991235
273.0,289.0,-0.0743426
66.0,82.0,-0.198247
274.0,290.0,-0.148685
67.0,83.0,-0.138773
275.0,291.0,-0.10408
68.0,69.0,-0.178422
276.0,277.0,-0.15612
69.0,70.0,-0.178422
277.0,278.0,-0.15612
70.0,71.0,-0.178422
278.0,279.0,-0.15612
71.0,72.0,-0.0594741
279.0,280.0,-0.0520398
72.0,88.0,-0.0594741
280.0,281.0,-0.0520398
280.0,296.0,-0.0446056
73.0,89.0,-0.0693864
281.0,297.0,-0.0520398
74.0,90.0,-0.0693864
282.0,283.0,-0.0520398
282.0,298.0,-0.0520398
75.0,91.0,-0.0792988
283.0,299.0,-0.0594741
76.0,92.0,-0.0991235
284.0,300.0,-0.0743426
77.0,93.0,-0.148685
285.0,301.0,-0.111514
78.0,94.0,-0.29737
286.0,302.0,-0.223028
79.0,95.0,-0.396494
287.0,303.0,-0.29737
80.0,96.0,-0.198247
288.0,304.0,-0.148685
81.0,97.0,-0.0991235
289.0,305.0,-0.0743426
82.0,98.0,-0.198247
290.0,306.0,-0.148685
83.0,99.0,-0.138773
291.0,307.0,-0.10408
84.0,85.0,-0.178422
292.0,293.0,-0.133817
85.0,86.0,-0.178422
293.0,294.0,-0.133817
86.0,87.0,-0.178422
294.0,295.0,-0.133817
87.0,88.0,-0.0594741
295.0,296.0,-0.0446056
296.0,312.0,-0.0446056
89.0,105.0,-0.0693864
297.0,313.0,-0.0520398
90.0,106.0,-0.0693864
298.0,314.0,-0.0520398
91.0,107.0,-0.0792988
299.0,315.0,-0.0594741
92.0,108.0,-0.0991235
300.0,316.0,-0.0743426
93.0,109.0,-0.148685
301.0,317.0,-0.111514
94.0,110.0,-0.29737
302.0,318.0,-0.223028
95.0,111.0,-0.396494
303.0,319.0,-0.29737
96.0,112.0,-0.198247
304.0,320.0,-0.148685
97.0,113.0,-0.0743426
305.0,321.0,-0.0743426
98.0,114.0,-0.148685
306.0,322.0,-0.148685
99.0,115.0,-0.10408
307.0,323.0,-0.10408
100.0,101.0,-0.208159
308.0,309.0,-0.133817
101.0,102.0,-0.208159
309.0,310.0,-0.133817
102.0,103.0,-0.208159
310.0,311.0,-0.133817
103.0,104.0,-0.0693864
311.0,312.0,-0.0446056
104.0,105.0,-0.0693864
313.0,329.0,-0.0520398
314.0,330.0,-0.0520398
107.0,123.0,-0.0594741
315.0,331.0,-0.0594741
108.0,124.0,-0.0743426
316.0,332.0,-0.0743426
109.0,125.0,-0.111514
317.0,333.0,-0.111514
110.0,126.0,-0.223028
318.0,334.0,-0.223028
111.0,127.0,-0.29737
319.0,335.0,-0.29737
112.0,128.0,-0.148685
320.0,336.0,-0.148685
113.0,129.0,-0.0991235
321.0,337.0,-0.055757
114.0,130.0,-0.198247
322.0,338.0,-0.111514
115.0,131.0,-0.138773
323.0,339.0,-0.0780598
116.0,117.0,-0.208159
324.0,325.0,-0.15612
117.0,118.0,-0.208159
325.0,326.0,-0.15612
118.0,119.0,-0.208159
326.0,327.0,-0.15612
119.0,120.0,-0.0693864
327.0,328.0,-0.0520398
120.0,121.0,-0.0693864
328.0,329.0,-0.0520398
121.0,137.0,-0.0693864
122.0,123.0,-0.0693864
123.0,139.0,-0.0792988
331.0,347.0,-0.0446056
124.0,140.0,-0.0991235
332.0,348.0,-0.055757
125.0,141.0,-0.148685
333.0,349.0,-0.0836355
126.0,142.0,-0.29737
334.0,350.0,-0.167271
127.0,143.0,-0.396494
335.0,351.0,-0.223028
128.0,144.0,-0.198247
336.0,352.0,-0.111514
129.0,145.0,-0.0594741
337.0,353.0,-0.0743426
130.0,146.0,-0.118948
338.0,354.0,-0.148685
131.0,147.0,-0.0832637
131.0,132.0,-0.0594741
339.0,355.0,-0.10408
132.0,133.0,-0.237896
340.0,341.0,-0.15612
133.0,134.0,-0.237896
341.0,342.0,-0.15612
134.0,135.0,-0.237896
342.0,343.0,-0.15612
135.0,136.0,-0.0792988
343.0,344.0,-0.0520398
136.0,137.0,-0.0792988
344.0,345.0,-0.0520398
345.0,361.0,-0.0520398
138.0,139.0,-0.0792988
346.0,347.0,-0.0520398
347.0,363.0,-0.0594741
140.0,156.0,-0.0594741
348.0,364.0,-0.0743426
141.0,157.0,-0.0892111
349.0,365.0,-0.111514
142.0,158.0,-0.178422
350.0,366.0,-0.223028
143.0,159.0,-0.237896
351.0,367.0,-0.29737
144.0,160.0,-0.118948
352.0,368.0,-0.148685
145.0,161.0,-0.0594741
353.0,369.0,-0.0446056
146.0,162.0,-0.118948
354.0,370.0,-0.0892111
147.0,148.0,-0.0743426
355.0,371.0,-0.0624478
355.0,356.0,-0.0446056
148.0,149.0,-0.29737
356.0,357.0,-0.178422
149.0,150.0,-0.29737
357.0,358.0,-0.178422
150.0,151.0,-0.29737
358.0,359.0,-0.178422
151.0,152.0,-0.0991235
359.0,360.0,-0.0594741
152.0,153.0,-0.0991235
360.0,361.0,-0.0594741
153.0,154.0,-0.0743426
154.0,155.0,-0.0991235
362.0,363.0,-0.0594741
364.0,380.0,-0.0446056
157.0,173.0,-0.0892111
365.0,381.0,-0.0669084
158.0,174.0,-0.178422
366.0,382.0,-0.133817
159.0,175.0,-0.237896
367.0,383.0,-0.178422
160.0,176.0,-0.118948
368.0,384.0,-0.0892111
161.0,162.0,-0.0446056
369.0,385.0,-0.0446056
370.0,386.0,-0.0892111
163.0,164.0,-0.111514
371.0,372.0,-0.055757
164.0,165.0,-0.446056
372.0,373.0,-0.223028
165.0,166.0,-0.446056
373.0,374.0,-0.223028
166.0,167.0,-0.446056
374.0,375.0,-0.223028
167.0,168.0,-0.148685
375.0,376.0,-0.0743426
168.0,169.0,-0.148685
376.0,377.0,-0.0743426
169.0,170.0,-0.111514
377.0,378.0,-0.055757
170.0,171.0,-0.148685
378.0,379.0,-0.0743426
171.0,172.0,-0.0892111
172.0,173.0,-0.0892111
381.0,397.0,-0.0669084
174.0,190.0,-0.0892111
382.0,398.0,-0.133817
175.0,191.0,-0.118948
383.0,399.0,-0.178422
176.0,192.0,-0.0594741
384.0,400.0,-0.0892111
177.0,178.0,-0.0892111
385.0,386.0,-0.0334542
178.0,179.0,-0.0892111
386.0,610.0,-0.0223028
179.0,180.0,-0.223028
387.0,388.0,-0.0836355
180.0,181.0,-0.892111
388.0,389.0,-0.334542
181.0,182.0,-0.892111
389.0,390.0,-0.334542
182.0,183.0,-0.892111
390.0,391.0,-0.334542
183.0,184.0,-0.29737
391.0,392.0,-0.111514
184.0,185.0,-0.29737
392.0,393.0,-0.111514
185.0,186.0,-0.223028
393.0,394.0,-0.0836355
186.0,187.0,-0.29737
394.0,395.0,-0.111514
187.0,188.0,-0.178422
395.0,396.0,-0.0669084
188.0,189.0,-0.178422
396.0,397.0,-0.0669084
189.0,190.0,-0.0892111
397.0,621.0,-0.0167271
190.0,191.0,-0.0446056
190.0,414.0,-0.0334542
398.0,414.0,-0.0669084
398.0,622.0,-0.0334542
191.0,207.0,-0.0594741
191.0,192.0,-0.0446056
191.0,415.0,-0.0446056
399.0,415.0,-0.0892111
399.0,623.0,-0.0446056
400.0,416.0,-0.0446056
400.0,624.0,-0.0223028
193.0,194.0,-0.118948
401.0,402.0,-0.0669084
194.0,195.0,-0.118948
402.0,403.0,-0.0669084
402.0,626.0,-0.0446056
195.0,196.0,-0.29737
403.0,404.0,-0.167271
196.0,197.0,-1.18948
404.0,405.0,-0.669084
197.0,198.0,-1.18948
405.0,406.0,-0.669084
198.0,199.0,-1.18948
406.0,407.0,-0.669084
199.0,200.0,-0.396494
407.0,408.0,-0.223028
200.0,201.0,-0.396494
408.0,409.0,-0.223028
201.0,202.0,-0.29737
409.0,410.0,-0.167271
202.0,203.0,-0.396494
410.0,411.0,-0.223028
203.0,204.0,-0.237896
411.0,412.0,-0.133817
204.0,205.0,-0.237896
412.0,413.0,-0.133817
205.0,206.0,-0.118948
413.0,414.0,-0.0669084
413.0,637.0,-0.0334542
206.0,207.0,-0.0594741
206.0,222.0,-0.0446056
206.0,430.0,-0.0446056
414.0,638.0,-0.0669084
207.0,208.0,-0.0594741
207.0,223.0,-0.0594741
207.0,431.0,-0.0594741
415.0,639.0,-0.0892111
415.0,416.0,-0.0334542
208.0,224.0,-0.029737
416.0,640.0,-0.0446056
209.0,210.0,-0.0594741
417.0,418.0,-0.0892111
210.0,211.0,-0.0594741
418.0,419.0,-0.0892111
418.0,642.0,-0.0594741
211.0,212.0,-0.148685
419.0,420.0,-0.223028
212.0,213.0,-0.594741
420.0,421.0,-0.892111
213.0,214.0,-0.594741
421.0,422.0,-0.892111
214.0,215.0,-0.594741
422.0,423.0,-0.892111
215.0,216.0,-0.198247
423.0,424.0,-0.29737
216.0,217.0,-0.198247
424.0,425.0,-0.29737
217.0,218.0,-0.148685
425.0,426.0,-0.223028
218.0,219.0,-0.198247
426.0,427.0,-0.29737
219.0,220.0,-0.118948
427.0,428.0,-0.178422
220.0,221.0,-0.118948
428.0,429.0,-0.178422
221.0,222.0,-0.0594741
429.0,430.0,-0.0892111
429.0,653.0,-0.0446056
430.0,654.0,-0.0892111
430.0,446.0,-0.0334542
431.0,655.0,-0.118948
431.0,432.0,-0.0446056
431.0,447.0,-0.0446056
432.0,656.0,-0.0594741
432.0,448.0,-0.0223028
433.0,434.0,-0.0446056
434.0,435.0,-0.0446056
434.0,658.0,-0.029737
435.0,436.0,-0.111514
436.0,437.0,-0.446056
437.0,438.0,-0.446056
438.0,439.0,-0.446056
439.0,440.0,-0.148685
440.0,441.0,-0.148685
441.0,442.0,-0.111514
442.0,443.0,-0.148685
443.0,444.0,-0.0892111
444.0,445.0,-0.0892111
445.0,446.0,-0.0446056
445.0,669.0,-0.0223028
446.0,670.0,-0.0446056
447.0,671.0,-0.0594741
448.0,672.0,-0.029737
449.0,673.0,-0.0148685
449.0,450.0,-0.0111514
450.0,674.0,-0.0297371
450.0,466.0,-0.0223028
451.0,452.0,-0.0278785
451.0,675.0,-0.0208159
452.0,453.0,-0.111514
453.0,454.0,-0.111514
454.0,455.0,-0.111514
455.0,456.0,-0.0371713
456.0,457.0,-0.0371713
457.0,458.0,-0.0278785
458.0,459.0,-0.0371713
459.0,460.0,-0.0223028
460.0,461.0,-0.0223028
460.0,684.0,-0.0148685
461.0,685.0,-0.0223028
461.0,477.0,-0.0167271
462.0,686.0,-0.0446056
462.0,478.0,-0.0334542
463.0,687.0,-0.0594741
463.0,479.0,-0.0446056
464.0,688.0,-0.029737
464.0,480.0,-0.0223028
465.0,689.0,-0.0297371
465.0,466.0,-0.0223028
466.0,690.0,-0.0594741
467.0,468.0,-0.055757
467.0,691.0,-0.0416319
468.0,469.0,-0.223028
469.0,470.0,-0.223028
470.0,471.0,-0.223028
471.0,472.0,-0.0743426
472.0,473.0,-0.0743426
473.0,474.0,-0.055757
474.0,475.0,-0.0743426
475.0,476.0,-0.0446056
476.0,477.0,-0.0446056
476.0,700.0,-0.029737
477.0,701.0,-0.0446056
478.0,702.0,-0.0892111
479.0,703.0,-0.118948
480.0,704.0,-0.0594741
481.0,497.0,-0.0278785
481.0,705.0,-0.0208159
482.0,498.0,-0.055757
482.0,706.0,-0.0416319
483.0,484.0,-0.0390299
483.0,499.0,-0.0390299
483.0,707.0,-0.0291423
484.0,485.0,-0.15612
485.0,486.0,-0.15612
486.0,487.0,-0.15612
487.0,488.0,-0.0520398
488.0,489.0,-0.0520398
489.0,490.0,-0.0390299
489.0,505.0,-0.0195149
490.0,491.0,-0.0520398
491.0,492.0,-0.0312239
491.0,507.0,-0.0223028
492.0,493.0,-0.0312239
492.0,508.0,-0.0278785
492.0,716.0,-0.0208159
493.0,509.0,-0.0418177
493.0,717.0,-0.0312239
494.0,510.0,-0.0836355
494.0,718.0,-0.0624478
495.0,511.0,-0.111514
495.0,719.0,-0.0832637
496.0,512.0,-0.055757
496.0,720.0,-0.0416319
497.0,513.0,-0.0371713
498.0,514.0,-0.0743426
499.0,515.0,-0.0520398
500.0,501.0,-0.0780598
501.0,502.0,-0.0780598
502.0,503.0,-0.0780598
503.0,504.0,-0.0260199
504.0,505.0,-0.0260199
504.0,520.0,-0.0223028
505.0,521.0,-0.0260199
506.0,507.0,-0.0260199
506.0,522.0,-0.0260199
507.0,523.0,-0.029737
508.0,524.0,-0.0371713
509.0,525.0,-0.055757
510.0,526.0,-0.111514
511.0,527.0,-0.148685
512.0,528.0,-0.0743426
513.0,529.0,-0.0371713
514.0,530.0,-0.0743426
515.0,531.0,-0.0520398
516.0,517.0,-0.0669084
517.0,518.0,-0.0669084
518.0,519.0,-0.0669084
519.0,520.0,-0.0223028
520.0,536.0,-0.0223028
521.0,537.0,-0.0260199
522.0,538.0,-0.0260199
523.0,539.0,-0.029737
524.0,540.0,-0.0371713
525.0,541.0,-0.055757
526.0,542.0,-0.111514
527.0,543.0,-0.148685
528.0,544.0,-0.0743426
529.0,545.0,-0.0371713
530.0,546.0,-0.0743426
531.0,547.0,-0.0520398
532.0,533.0,-0.0669084
533.0,534.0,-0.0669084
534.0,535.0,-0.0669084
535.0,536.0,-0.0223028
537.0,553.0,-0.0260199
538.0,554.0,-0.0260199
539.0,555.0,-0.029737
540.0,556.0,-0.0371713
541.0,557.0,-0.055757
542.0,558.0,-0.111514
543.0,559.0,-0.148685
544.0,560.0,-0.0743426
545.0,561.0,-0.0278785
546.0,562.0,-0.055757
547.0,563.0,-0.0390299
548.0,549.0,-0.0780598
549.0,550.0,-0.0780598
550.0,551.0,-0.0780598
551.0,552.0,-0.0260199
552.0,553.0,-0.0260199
555.0,571.0,-0.0223028
556.0,572.0,-0.0278785
557.0,573.0,-0.0418177
558.0,574.0,-0.0836355
559.0,575.0,-0.111514
560.0,576.0,-0.055757
561.0,577.0,-0.0371713
562.0,578.0,-0.0743426
563.0,579.0,-0.0520398
564.0,565.0,-0.0780598
565.0,566.0,-0.0780598
566.0,567.0,-0.0780598
567.0,568.0,-0.0260199
568.0,569.0,-0.0260199
569.0,585.0,-0.0260199
570.0,571.0,-0.0260199
571.0,587.0,-0.029737
572.0,588.0,-0.0371713
573.0,589.0,-0.055757
574.0,590.0,-0.111514
575.0,591.0,-0.148685
576.0,592.0,-0.0743426
577.0,593.0,-0.0223028
578.0,594.0,-0.0446056
579.0,595.0,-0.0312239
579.0,580.0,-0.0223028
580.0,581.0,-0.0892111
581.0,582.0,-0.0892111
582.0,583.0,-0.0892111
583.0,584.0,-0.029737
584.0,585.0,-0.029737
586.0,587.0,-0.029737
588.0,604.0,-0.0223028
589.0,605.0,-0.0334542
590.0,606.0,-0.0669084
591.0,607.0,-0.0892111
592.0,608.0,-0.0446056
593.0,609.0,-0.0223028
593.0,817.0,-0.0148685
594.0,610.0,-0.0446056
594.0,818.0,-0.029737
595.0,596.0,-0.0278785
595.0,819.0,-0.0208159
596.0,597.0,-0.111514
597.0,598.0,-0.111514
598.0,599.0,-0.111514
599.0,600.0,-0.0371713
600.0,601.0,-0.0371713
601.0,602.0,-0.0278785
602.0,603.0,-0.0371713
604.0,828.0,-0.0148685
605.0,621.0,-0.0334542
605.0,829.0,-0.0223028
606.0,622.0,-0.0669084
606.0,830.0,-0.0446056
607.0,623.0,-0.0892111
607.0,831.0,-0.0594741
608.0,624.0,-0.0446056
608.0,832.0,-0.029737
609.0,833.0,-0.0223028
609.0,610.0,-0.0167271
610.0,834.0,-0.0446056
611.0,612.0,-0.0418177
611.0,835.0,-0.0312239
612.0,613.0,-0.167271
613.0,614.0,-0.167271
614.0,615.0,-0.167271
615.0,616.0,-0.055757
616.0,617.0,-0.055757
617.0,618.0,-0.0418177
618.0,619.0,-0.055757
619.0,620.0,-0.0334542
620.0,621.0,-0.0334542
620.0,844.0,-0.0223028
621.0,845.0,-0.0334542
622.0,846.0,-0.0669084
623.0,847.0,-0.0892111
624.0,848.0,-0.0446056
625.0,849.0,-0.0446056
625.0,626.0,-0.0334542
626.0,850.0,-0.0892111
627.0,628.0,-0.0836355
627.0,851.0,-0.0624478
628.0,629.0,-0.334542
629.0,630.0,-0.334542
630.0,631.0,-0.334542
631.0,632.0,-0.111514
632.0,633.0,-0.111514
633.0,634.0,-0.0836355
634.0,635.0,-0.111514
635.0,636.0,-0.0669084
636.0,637.0,-0.0669084
636.0,860.0,-0.0446056
637.0,861.0,-0.0669084
638.0,862.0,-0.133817
639.0,863.0,-0.178422
640.0,864.0,-0.0892111
641.0,865.0,-0.0594741
641.0,642.0,-0.0446056
642.0,866.0,-0.118948
643.0,644.0,-0.111514
643.0,867.0,-0.0832637
644.0,645.0,-0.446056
645.0,646.0,-0.446056
646.0,647.0,-0.446056
647.0,648.0,-0.148685
648.0,649.0,-0.148685
649.0,650.0,-0.111514
650.0,651.0,-0.148685
651.0,652.0,-0.0892111
652.0,653.0,-0.0892111
652.0,876.0,-0.0594741
653.0,877.0,-0.0892111
654.0,878.0,-0.178422
655.0,879.0,-0.237896
656.0,880.0,-0.118948
657.0,881.0,-0.029737
657.0,658.0,-0.0223028
658.0,882.0,-0.0594741
659.0,660.0,-0.055757
659.0,883.0,-0.0416319
660.0,661.0,-0.223028
661.0,662.0,-0.223028
662.0,663.0,-0.223028
663.0,664.0,-0.0743426
664.0,665.0,-0.0743426
665.0,666.0,-0.055757
666.0,667.0,-0.0743426
667.0,668.0,-0.0446056
668.0,669.0,-0.0446056
668.0,892.0,-0.029737
669.0,893.0,-0.0446056
670.0,894.0,-0.0892111
671.0,895.0,-0.118948
672.0,896.0,-0.0594741
673.0,897.0,-0.0148687
674.0,898.0,-0.0297374
675.0,899.0,-0.0208162
675.0,676.0,-0.0185857
676.0,677.0,-0.0743426
677.0,678.0,-0.0743426
678.0,679.0,-0.0743426
679.0,680.0,-0.0247809
680.0,681.0,-0.0247809
681.0,682.0,-0.0185857
682.0,683.0,-0.0247809
685.0,909.0,-0.0223028
686.0,910.0,-0.0446056
687.0,911.0,-0.0594741
688.0,912.0,-0.029737
689.0,913.0,-0.0297374
690.0,914.0,-0.0594749
691.0,915.0,-0.0416324
691.0,692.0,-0.0371713
692.0,693.0,-0.148685
693.0,694.0,-0.148685
694.0,695.0,-0.148685
695.0,696.0,-0.0495617
696.0,697.0,-0.0495617
697.0,698.0,-0.0371713
698.0,699.0,-0.0495617
701.0,925.0,-0.0446056
702.0,926.0,-0.0892111
703.0,927.0,-0.118948
704.0,928.0,-0.0594741
705.0,929.0,-0.0208162
705.0,721.0,-0.0185857
706.0,930.0,-0.0416324
706.0,722.0,-0.0371713
707.0,931.0,-0.0291427
707.0,708.0,-0.0260199
707.0,723.0,-0.0260199
708.0,709.0,-0.10408
709.0,710.0,-0.10408
710.0,711.0,-0.10408
711.0,712.0,-0.0346932
712.0,713.0,-0.0346932
713.0,714.0,-0.0260199
713.0,729.0,-0.01301
714.0,715.0,-0.0346932
715.0,731.0,-0.0148685
716.0,732.0,-0.0185857
717.0,941.0,-0.0312239
717.0,733.0,-0.0278785
718.0,942.0,-0.0624478
718.0,734.0,-0.055757
719.0,943.0,-0.0832637
719.0,735.0,-0.0743426
720.0,944.0,-0.0416319
720.0,736.0,-0.0371713
721.0,737.0,-0.0247809
722.0,738.0,-0.0495617
723.0,739.0,-0.0346932
724.0,725.0,-0.0520398
725.0,726.0,-0.0520398
726.0,727.0,-0.0520398
727.0,728.0,-0.0173466
728.0,729.0,-0.0173466
728.0,744.0,-0.0148685
729.0,745.0,-0.0173466
730.0,731.0,-0.0173466
730.0,746.0,-0.0173466
731.0,747.0,-0.0198247
732.0,748.0,-0.0247809
733.0,749.0,-0.0371713
734.0,750.0,-0.0743426
735.0,751.0,-0.0991235
736.0,752.0,-0.0495617
737.0,753.0,-0.0247809
738.0,754.0,-0.0495617
739.0,755.0,-0.0346932
740.0,741.0,-0.0446056
741.0,742.0,-0.0446056
742.0,743.0,-0.0446056
743.0,744.0,-0.0148685
744.0,760.0,-0.0148685
745.0,761.0,-0.0173466
746.0,762.0,-0.0173466
747.0,763.0,-0.0198247
748.0,764.0,-0.0247809
749.0,765.0,-0.0371713
750.0,766.0,-0.0743426
751.0,767.0,-0.0991235
752.0,768.0,-0.0495617
753.0,769.0,-0.0247809
754.0,770.0,-0.0495617
755.0,771.0,-0.0346932
756.0,757.0,-0.0446056
757.0,758.0,-0.0446056
758.0,759.0,-0.0446056
759.0,760.0,-0.0148685
761.0,777.0,-0.0173466
762.0,778.0,-0.0173466
763.0,779.0,-0.0198247
764.0,780.0,-0.0247809
765.0,781.0,-0.0371713
766.0,782.0,-0.0743426
767.0,783.0,-0.0991235
768.0,784.0,-0.0495617
769.0,785.0,-0.0185857
770.0,786.0,-0.0371713
771.0,787.0,-0.0260199
772.0,773.0,-0.0520398
773.0,774.0,-0.0520398
774.0,775.0,-0.0520398
775.0,776.0,-0.0173466
776.0,777.0,-0.0173466
779.0,795.0,-0.0148685
780.0,796.0,-0.0185857
781.0,797.0,-0.0278785
782.0,798.0,-0.055757
783.0,799.0,-0.0743426
784.0,800.0,-0.0371713
785.0,801.0,-0.0247809
786.0,802.0,-0.0495617
787.0,803.0,-0.0346932
788.0,789.0,-0.0520398
789.0,790.0,-0.0520398
790.0,791.0,-0.0520398
791.0,792.0,-0.0173466
792.0,793.0,-0.0173466
793.0,809.0,-0.0173466
794.0,795.0,-0.0173466
795.0,811.0,-0.0198247
796.0,812.0,-0.0247809
797.0,813.0,-0.0371713
798.0,814.0,-0.0743426
799.0,815.0,-0.0991235
800.0,816.0,-0.0495617
803.0,804.0,-0.0148685
804.0,805.0,-0.0594741
805.0,806.0,-0.0594741
806.0,807.0,-0.0594741
807.0,808.0,-0.0198247
808.0,809.0,-0.0198247
810.0,811.0,-0.0198247
819.0,820.0,-0.0185857
820.0,821.0,-0.0743426
821.0,822.0,-0.0743426
822.0,823.0,-0.0743426
823.0,824.0,-0.0247809
824.0,825.0,-0.0247809
825.0,826.0,-0.0185857
826.0,827.0,-0.0247809
833.0,1057.0,-0.0223028
834.0,1058.0,-0.0446056
835.0,1059.0,-0.0312239
835.0,836.0,-0.0278785
836.0,837.0,-0.111514
837.0,838.0,-0.111514
838.0,839.0,-0.111514
839.0,840.0,-0.0371713
840.0,841.0,-0.0371713
841.0,842.0,-0.0278785
842.0,843.0,-0.0371713
845.0,1069.0,-0.0334542
846.0,1070.0,-0.0669084
847.0,1071.0,-0.0892111
848.0,1072.0,-0.0446056
849.0,1073.0,-0.0446056
850.0,1074.0,-0.0892111
851.0,1075.0,-0.0624478
851.0,852.0,-0.055757
852.0,853.0,-0.223028
853.0,854.0,-0.223028
854.0,855.0,-0.223028
855.0,856.0,-0.0743426
856.0,857.0,-0.0743426
857.0,858.0,-0.055757
858.0,859.0,-0.0743426
861.0,1085.0,-0.0669084
862.0,1086.0,-0.133817
863.0,1087.0,-0.178422
864.0,1088.0,-0.0892111
865.0,1089.0,-0.0594741
866.0,1090.0,-0.118948
867.0,1091.0,-0.0832637
867.0,868.0,-0.0743426
868.0,869.0,-0.29737
869.0,870.0,-0.29737
870.0,871.0,-0.29737
871.0,872.0,-0.0991235
872.0,873.0,-0.0991235
873.0,874.0,-0.0743426
874.0,875.0,-0.0991235
877.0,1101.0,-0.0892111
878.0,1102.0,-0.178422
879.0,1103.0,-0.237896
880.0,1104.0,-0.118948
881.0,1105.0,-0.029737
882.0,1106.0,-0.0594741
883.0,1107.0,-0.0416319
883.0,884.0,-0.0371713
884.0,885.0,-0.148685
885.0,886.0,-0.148685
886.0,887.0,-0.148685
887.0,888.0,-0.0495617
888.0,889.0,-0.0495617
889.0,890.0,-0.0371713
890.0,891.0,-0.0495617
893.0,1117.0,-0.0446056
894.0,1118.0,-0.0892111
895.0,1119.0,-0.118948
896.0,1120.0,-0.0594741
897.0,1121.0,-0.0248045
898.0,1122.0,-0.049609
899.0,1123.0,-0.0347263
899.0,900.0,-0.0148685
900.0,901.0,-0.0594741
901.0,902.0,-0.0594741
902.0,903.0,-0.0594741
903.0,904.0,-0.0198247
904.0,905.0,-0.0198245
905.0,1129.0,-0.0173473
905.0,906.0,-0.0148685
906.0,907.0,-0.0198247
906.0,1130.0,-0.0173466
907.0,1131.0,-0.0198247
908.0,1132.0,-0.0247809
909.0,1133.0,-0.0371713
910.0,1134.0,-0.0743426
911.0,1135.0,-0.0991235
912.0,1136.0,-0.0495617
913.0,1137.0,-0.049609
914.0,1138.0,-0.0992181
915.0,1139.0,-0.0694527
915.0,916.0,-0.029737
916.0,917.0,-0.118948
917.0,918.0,-0.118948
918.0,919.0,-0.118948
919.0,920.0,-0.0396494
920.0,921.0,-0.0396489
921.0,1145.0,-0.0346946
921.0,922.0,-0.029737
922.0,923.0,-0.0396494
922.0,1146.0,-0.0346933
923.0,1147.0,-0.0396494
924.0,1148.0,-0.0495617
925.0,1149.0,-0.0743426
926.0,1150.0,-0.148685
927.0,1151.0,-0.198247
928.0,1152.0,-0.0991235
929.0,1153.0,-0.0347263
929.0,945.0,-0.0148685
930.0,1154.0,-0.0694527
930.0,946.0,-0.029737
931.0,1155.0,-0.0486169
931.0,932.0,-0.0208159
931.0,947.0,-0.0208159
932.0,933.0,-0.0832637
933.0,934.0,-0.0832637
934.0,935.0,-0.0832637
935.0,936.0,-0.0277546
936.0,937.0,-0.0277543
937.0,1161.0,-0.0242863
937.0,938.0,-0.0208159
937.0,953.0,-0.010408
938.0,939.0,-0.0277546
938.0,1162.0,-0.0242853
939.0,1163.0,-0.0277546
939.0,955.0,-0.0118948
940.0,1164.0,-0.0346932
940.0,956.0,-0.0148685
941.0,1165.0,-0.0520398
941.0,957.0,-0.0223028
942.0,1166.0,-0.10408
942.0,958.0,-0.0446056
943.0,1167.0,-0.138773
943.0,959.0,-0.0594741
944.0,1168.0,-0.0693864
944.0,960.0,-0.029737
945.0,961.0,-0.0198247
945.0,1169.0,-0.0173632
946.0,962.0,-0.0396494
946.0,1170.0,-0.0347263
947.0,963.0,-0.0277546
947.0,1171.0,-0.0243084
948.0,949.0,-0.0416319
949.0,950.0,-0.0416319
950.0,951.0,-0.0416319
951.0,952.0,-0.0138773
952.0,953.0,-0.0138771
952.0,968.0,-0.0118948
953.0,969.0,-0.0138773
953.0,1177.0,-0.0121431
954.0,955.0,-0.0138773
954.0,970.0,-0.0138773
954.0,1178.0,-0.0121426
955.0,971.0,-0.0158598
955.0,1179.0,-0.0138773
956.0,972.0,-0.0198247
956.0,1180.0,-0.0173466
957.0,973.0,-0.029737
957.0,1181.0,-0.0260199
958.0,974.0,-0.0594741
958.0,1182.0,-0.0520398
959.0,975.0,-0.0792988
959.0,1183.0,-0.0693864
960.0,976.0,-0.0396494
960.0,1184.0,-0.0346932
961.0,977.0,-0.0198247
962.0,978.0,-0.0396494
963.0,979.0,-0.0277546
964.0,965.0,-0.0356845
965.0,966.0,-0.0356845
966.0,967.0,-0.0356845
967.0,968.0,-0.0118948
968.0,984.0,-0.0118948
969.0,985.0,-0.0138773
970.0,986.0,-0.0138773
971.0,987.0,-0.0158598
972.0,988.0,-0.0198247
973.0,989.0,-0.029737
974.0,990.0,-0.0594741
975.0,991.0,-0.0792988
976.0,992.0,-0.0396494
977.0,993.0,-0.0198245
978.0,994.0,-0.0396489
979.0,995.0,-0.0277543
980.0,981.0,-0.0356845
981.0,982.0,-0.0356845
982.0,983.0,-0.0356845
983.0,984.0,-0.0118948
985.0,1001.0,-0.0138773
986.0,1002.0,-0.0138773
987.0,1003.0,-0.0158598
988.0,1004.0,-0.0198247
989.0,1005.0,-0.029737
990.0,1006.0,-0.0594741
991.0,1007.0,-0.0792988
992.0,1008.0,-0.0396494
993.0,1217.0,-0.0173473
993.0,1009.0,-0.0148685
994.0,1218.0,-0.0346946
994.0,1010.0,-0.029737
995.0,1219.0,-0.0242863
995.0,1011.0,-0.0208159
996.0,997.0,-0.0416319
997.0,998.0,-0.0416319
998.0,999.0,-0.0416319
999.0,1000.0,-0.0138773
1000.0,1001.0,-0.0138773
1001.0,1225.0,-0.0121427
1002.0,1226.0,-0.0121426
1003.0,1227.0,-0.0138773
1003.0,1019.0,-0.0118948
1004.0,1228.0,-0.0173466
1004.0,1020.0,-0.0148685
1005.0,1229.0,-0.0260199
1005.0,1021.0,-0.0223028
1006.0,1230.0,-0.0520398
1006.0,1022.0,-0.0446056
1007.0,1231.0,-0.0693864
1007.0,1023.0,-0.0594741
1008.0,1232.0,-0.0346932
1008.0,1024.0,-0.029737
1009.0,1025.0,-0.0198247
1009.0,1233.0,-0.0173466
1010.0,1026.0,-0.0396494
1010.0,1234.0,-0.0346933
1011.0,1027.0,-0.0277546
1011.0,1235.0,-0.0242853
1012.0,1013.0,-0.0416319
1013.0,1014.0,-0.0416319
1014.0,1015.0,-0.0416319
1015.0,1016.0,-0.0138773
1016.0,1017.0,-0.0138773
1017.0,1033.0,-0.0138773
1017.0,1241.0,-0.0121426
1018.0,1019.0,-0.0138773
1018.0,1242.0,-0.0121426
1019.0,1035.0,-0.0158598
1019.0,1243.0,-0.0138773
1020.0,1036.0,-0.0198247
1020.0,1244.0,-0.0173466
1021.0,1037.0,-0.029737
1021.0,1245.0,-0.0260199
1022.0,1038.0,-0.0594741
1022.0,1246.0,-0.0520398
1023.0,1039.0,-0.0792988
1023.0,1247.0,-0.0693864
1024.0,1040.0,-0.0396494
1024.0,1248.0,-0.0346932
1025.0,1249.0,-0.0198247
1026.0,1250.0,-0.0396494
1027.0,1251.0,-0.0277546
1027.0,1028.0,-0.0118948
1028.0,1029.0,-0.0475793
1029.0,1030.0,-0.0475793
1030.0,1031.0,-0.0475793
1031.0,1032.0,-0.0158598
1032.0,1033.0,-0.0158598
1033.0,1257.0,-0.0138773
1034.0,1035.0,-0.0158598
1034.0,1258.0,-0.0138773
1035.0,1259.0,-0.0158598
1036.0,1260.0,-0.0198247
1037.0,1261.0,-0.029737
1038.0,1262.0,-0.0594741
1039.0,1263.0,-0.0792988
1040.0,1264.0,-0.0396494
1041.0,1265.0,-0.0247809
1042.0,1266.0,-0.0495617
1043.0,1267.0,-0.0346932
1043.0,1044.0,-0.0148685
1044.0,1045.0,-0.0594741
1045.0,1046.0,-0.0594741
1046.0,1047.0,-0.0594741
1047.0,1048.0,-0.0198247
1048.0,1049.0,-0.0198247
1049.0,1273.0,-0.0173466
1049.0,1050.0,-0.0148685
1050.0,1051.0,-0.0198247
1050.0,1274.0,-0.0173466
1051.0,1275.0,-0.0198247
1052.0,1276.0,-0.0247809
1053.0,1277.0,-0.0371713
1054.0,1278.0,-0.0743426
1055.0,1279.0,-0.0991235
1056.0,1280.0,-0.0495617
1057.0,1281.0,-0.0371713
1058.0,1282.0,-0.0743426
1059.0,1283.0,-0.0520398
1059.0,1060.0,-0.0223028
1060.0,1061.0,-0.0892111
1061.0,1062.0,-0.0892111
1062.0,1063.0,-0.0892111
1063.0,1064.0,-0.029737
1064.0,1065.0,-0.029737
1065.0,1289.0,-0.0260199
1065.0,1066.0,-0.0223028
1066.0,1067.0,-0.029737
1066.0,1290.0,-0.0260199
1067.0,1291.0,-0.029737
1068.0,1292.0,-0.0371713
1069.0,1293.0,-0.055757
1070.0,1294.0,-0.111514
1071.0,1295.0,-0.148685
1072.0,1296.0,-0.0743426
1073.0,1297.0,-0.0743426
1074.0,1298.0,-0.148685
1075.0,1299.0,-0.10408
1075.0,1076.0,-0.0446056
1076.0,1077.0,-0.178422
1077.0,1078.0,-0.178422
1078.0,1079.0,-0.178422
1079.0,1080.0,-0.0594741
1080.0,1081.0,-0.0594741
1081.0,1305.0,-0.0520398
1081.0,1082.0,-0.0446056
1082.0,1083.0,-0.0594741
1082.0,1306.0,-0.0520398
1083.0,1307.0,-0.0594741
1084.0,1308.0,-0.0743426
1085.0,1309.0,-0.111514
1086.0,1310.0,-0.223028
1087.0,1311.0,-0.29737
1088.0,1312.0,-0.148685
1089.0,1313.0,-0.0991235
1090.0,1314.0,-0.198247
1091.0,1315.0,-0.138773
1091.0,1092.0,-0.0594741
1092.0,1093.0,-0.237896
1093.0,1094.0,-0.237896
1094.0,1095.0,-0.237896
1095.0,1096.0,-0.0792988
1096.0,1097.0,-0.0792988
1097.0,1321.0,-0.0693864
1097.0,1098.0,-0.0594741
1098.0,1099.0,-0.0792988
1098.0,1322.0,-0.0693864
1099.0,1323.0,-0.0792988
1100.0,1324.0,-0.0991235
1101.0,1325.0,-0.148685
1102.0,1326.0,-0.29737
1103.0,1327.0,-0.396494
1104.0,1328.0,-0.198247
1105.0,1329.0,-0.0495617
1106.0,1330.0,-0.0991235
1107.0,1331.0,-0.0693864
1107.0,1108.0,-0.029737
1108.0,1109.0,-0.118948
1109.0,1110.0,-0.118948
1110.0,1111.0,-0.118948
1111.0,1112.0,-0.0396494
1112.0,1113.0,-0.0396494
1113.0,1337.0,-0.0346932
1113.0,1114.0,-0.029737
1114.0,1115.0,-0.0396494
1114.0,1338.0,-0.0346932
1115.0,1339.0,-0.0396494
1116.0,1340.0,-0.0495617
1117.0,1341.0,-0.0743426
1118.0,1342.0,-0.148685
1119.0,1343.0,-0.198247
1120.0,1344.0,-0.0991235
1121.0,1345.0,-0.0201538
1122.0,1346.0,-0.0403076
1123.0,1347.0,-0.0282153
1124.0,1125.0,-0.0520398
1125.0,1126.0,-0.0520398
1126.0,1127.0,-0.0520398
1127.0,1128.0,-0.0173459
1128.0,1129.0,-0.0173313
1129.0,1353.0,-0.0130412
1131.0,1355.0,-0.0148685
1132.0,1356.0,-0.0185857
1133.0,1357.0,-0.0278785
1134.0,1358.0,-0.055757
1135.0,1359.0,-0.0743426
1136.0,1360.0,-0.0371713
1137.0,1361.0,-0.0403076
1138.0,1362.0,-0.0806152
1139.0,1363.0,-0.0564307
1140.0,1141.0,-0.10408
1141.0,1142.0,-0.10408
1142.0,1143.0,-0.10408
1143.0,1144.0,-0.0346919
1144.0,1145.0,-0.0346625
1145.0,1369.0,-0.0260824
1147.0,1371.0,-0.0297371
1148.0,1372.0,-0.0371713
1149.0,1373.0,-0.055757
1150.0,1374.0,-0.111514
1151.0,1375.0,-0.148685
1152.0,1376.0,-0.0743426
1153.0,1377.0,-0.0282153
1154.0,1378.0,-0.0564307
1155.0,1379.0,-0.0395015
1156.0,1157.0,-0.0728558
1157.0,1158.0,-0.0728558
1158.0,1159.0,-0.0728557
1159.0,1160.0,-0.0242843
1160.0,1161.0,-0.0242638
1161.0,1385.0,-0.0182577
1163.0,1387.0,-0.0208159
1164.0,1388.0,-0.0260199
1165.0,1389.0,-0.0390299
1166.0,1390.0,-0.0780598
1167.0,1391.0,-0.10408
1168.0,1392.0,-0.0520398
1169.0,1185.0,-0.0173466
1169.0,1393.0,-0.0141077
1170.0,1186.0,-0.0346932
1170.0,1394.0,-0.0282153
1171.0,1187.0,-0.0242852
1171.0,1395.0,-0.0197507
1172.0,1173.0,-0.0364279
1173.0,1174.0,-0.0364279
1174.0,1175.0,-0.0364278
1175.0,1176.0,-0.0121422
1176.0,1177.0,-0.0121319
1176.0,1192.0,-0.010408
1177.0,1193.0,-0.0121426
1177.0,1401.0,-0.00912884
1178.0,1194.0,-0.0121426
1179.0,1195.0,-0.0138773
1179.0,1403.0,-0.010408
1180.0,1196.0,-0.0173466
1180.0,1404.0,-0.01301
1181.0,1197.0,-0.0260199
1181.0,1405.0,-0.0195149
1182.0,1198.0,-0.0520398
1182.0,1406.0,-0.0390299
1183.0,1199.0,-0.0693864
1183.0,1407.0,-0.0520398
1184.0,1200.0,-0.0346932
1184.0,1408.0,-0.0260199
1185.0,1201.0,-0.0173459
1186.0,1202.0,-0.0346918
1187.0,1203.0,-0.0242843
1188.0,1189.0,-0.0312239
1189.0,1190.0,-0.0312239
1190.0,1191.0,-0.0312239
1191.0,1192.0,-0.0104076
1192.0,1208.0,-0.0104076
1193.0,1209.0,-0.0121426
1194.0,1210.0,-0.0121426
1195.0,1211.0,-0.0138773
1196.0,1212.0,-0.0173466
1197.0,1213.0,-0.0260199
1198.0,1214.0,-0.0520398
1199.0,1215.0,-0.0693864
1200.0,1216.0,-0.0346932
1204.0,1205.0,-0.0312239
1205.0,1206.0,-0.0312239
1206.0,1207.0,-0.0312239
1207.0,1208.0,-0.0104076
1220.0,1221.0,-0.0364279
1221.0,1222.0,-0.0364279
1222.0,1223.0,-0.0364279
1223.0,1224.0,-0.0121426
1224.0,1225.0,-0.0121422
1236.0,1237.0,-0.0364279
1237.0,1238.0,-0.0364279
1238.0,1239.0,-0.0364279
1239.0,1240.0,-0.0121426
1240.0,1241.0,-0.0121426
1249.0,1473.0,-0.0148685
1250.0,1474.0,-0.0297371
1251.0,1475.0,-0.0208159
1252.0,1253.0,-0.0416319
1253.0,1254.0,-0.0416319
1254.0,1255.0,-0.0416319
1255.0,1256.0,-0.0138773
1256.0,1257.0,-0.0138773
1257.0,1481.0,-0.010408
1259.0,1483.0,-0.0118948
1260.0,1484.0,-0.0148685
1261.0,1485.0,-0.0223028
1262.0,1486.0,-0.0446056
1263.0,1487.0,-0.0594741
1264.0,1488.0,-0.029737
1265.0,1489.0,-0.0185857
1266.0,1490.0,-0.0371713
1267.0,1491.0,-0.0260199
1268.0,1269.0,-0.0520398
1269.0,1270.0,-0.0520398
1270.0,1271.0,-0.0520398
1271.0,1272.0,-0.0173466
1272.0,1273.0,-0.0173466
1273.0,1497.0,-0.01301
1275.0,1499.0,-0.0148685
1276.0,1500.0,-0.0185857
1277.0,1501.0,-0.0278785
1278.0,1502.0,-0.055757
1279.0,1503.0,-0.0743426
1280.0,1504.0,-0.0371713
1281.0,1505.0,-0.0278785
1282.0,1506.0,-0.055757
1283.0,1507.0,-0.0390299
1284.0,1285.0,-0.0780598
1285.0,1286.0,-0.0780598
1286.0,1287.0,-0.0780598
1287.0,1288.0,-0.0260199
1288.0,1289.0,-0.0260199
1289.0,1513.0,-0.0195149
1291.0,1515.0,-0.0223028
1292.0,1516.0,-0.0278785
1293.0,1517.0,-0.0418177
1294.0,1518.0,-0.0836355
1295.0,1519.0,-0.111514
1296.0,1520.0,-0.055757
1297.0,1521.0,-0.055757
1298.0,1522.0,-0.111514
1299.0,1523.0,-0.0780598
1300.0,1301.0,-0.15612
1301.0,1302.0,-0.15612
1302.0,1303.0,-0.15612
1303.0,1304.0,-0.0520398
1304.0,1305.0,-0.0520398
1305.0,1529.0,-0.0390299
1307.0,1531.0,-0.0446056
1308.0,1532.0,-0.055757
1309.0,1533.0,-0.0836355
1310.0,1534.0,-0.167271
1311.0,1535.0,-0.223028
1312.0,1536.0,-0.111514
1313.0,1537.0,-0.0743426
1314.0,1538.0,-0.148685
1315.0,1539.0,-0.10408
1316.0,1317.0,-0.208159
1317.0,1318.0,-0.208159
1318.0,1319.0,-0.208159
1319.0,1320.0,-0.0693864
1320.0,1321.0,-0.0693864
1321.0,1545.0,-0.0520398
1323.0,1547.0,-0.0594741
1324.0,1548.0,-0.0743426
1325.0,1549.0,-0.111514
1326.0,1550.0,-0.223028
1327.0,1551.0,-0.29737
1328.0,1552.0,-0.148685
1329.0,1553.0,-0.0371713
1330.0,1554.0,-0.0743426
1331.0,1555.0,-0.0520398
1332.0,1333.0,-0.10408
1333.0,1334.0,-0.10408
1334.0,1335.0,-0.10408
1335.0,1336.0,-0.0346932
1336.0,1337.0,-0.0346932
1337.0,1561.0,-0.0260199
1339.0,1563.0,-0.029737
1340.0,1564.0,-0.0371713
1341.0,1565.0,-0.055757
1342.0,1566.0,-0.111514
1343.0,1567.0,-0.148685
1344.0,1568.0,-0.0743426
1345.0,1569.0,-0.283672
1346.0,1570.0,-0.567344
1347.0,1571.0,-0.397141
1348.0,1572.0,-0.141836
1348.0,1349.0,-0.0520398
1349.0,1573.0,-0.0567343
1349.0,1350.0,-0.0520394
1350.0,1574.0,-0.0567327
1350.0,1351.0,-0.0520368
1351.0,1575.0,-0.113437
1351.0,1352.0,-0.0173094
1352.0,1576.0,-0.167939
1352.0,1353.0,-0.0160216
1353.0,1577.0,-0.0187428
1354.0,1578.0,-0.017362
1354.0,1355.0,-0.0173459
1355.0,1579.0,-0.0198249
1356.0,1580.0,-0.0247809
1357.0,1581.0,-0.0371713
1358.0,1582.0,-0.0743426
1359.0,1583.0,-0.0991235
1360.0,1584.0,-0.0495617
1361.0,1585.0,-0.567344
1362.0,1586.0,-1.13469
1363.0,1587.0,-0.794282
1364.0,1588.0,-0.283672
1364.0,1365.0,-0.10408
1365.0,1589.0,-0.113469
1365.0,1366.0,-0.104079
1366.0,1590.0,-0.113465
1366.0,1367.0,-0.104074
1367.0,1591.0,-0.226875
1367.0,1368.0,-0.0346187
1368.0,1592.0,-0.335878
1368.0,1369.0,-0.0320431
1369.0,1593.0,-0.0374856
1370.0,1594.0,-0.0347239
1370.0,1371.0,-0.0346918
1371.0,1595.0,-0.0396499
1372.0,1596.0,-0.0495618
1373.0,1597.0,-0.0743426
1374.0,1598.0,-0.148685
1375.0,1599.0,-0.198247
1376.0,1600.0,-0.0991235
1377.0,1601.0,-0.397141
1378.0,1602.0,-0.794282
1379.0,1603.0,-0.555997
1380.0,1604.0,-0.198571
1380.0,1381.0,-0.0728557
1381.0,1605.0,-0.079428
1381.0,1382.0,-0.0728552
1382.0,1606.0,-0.0794258
1382.0,1383.0,-0.0728515
1383.0,1607.0,-0.158812
1383.0,1384.0,-0.0242331
1384.0,1608.0,-0.235114
1384.0,1385.0,-0.0224302
1385.0,1609.0,-0.0262399
1386.0,1610.0,-0.0243067
1386.0,1387.0,-0.0242843
1387.0,1611.0,-0.0277549
1388.0,1612.0,-0.0346932
1389.0,1613.0,-0.0520398
1390.0,1614.0,-0.10408
1391.0,1615.0,-0.138773
1392.0,1616.0,-0.0693864
1393.0,1617.0,-0.19857
1393.0,1409.0,-0.0173458
1394.0,1618.0,-0.39714
1394.0,1410.0,-0.0346916
1395.0,1619.0,-0.277998
1395.0,1411.0,-0.0242841
1396.0,1620.0,-0.099285
1396.0,1397.0,-0.0364278
1397.0,1621.0,-0.0397139
1397.0,1398.0,-0.0364276
1398.0,1622.0,-0.0397128
1398.0,1399.0,-0.0364258
1399.0,1623.0,-0.079406
1399.0,1400.0,-0.0121166
1400.0,1624.0,-0.117557
1400.0,1401.0,-0.0112151
1400.0,1416.0,-0.0104076
1401.0,1625.0,-0.0131199
1401.0,1417.0,-0.0121426
1402.0,1626.0,-0.0121534
1402.0,1418.0,-0.0121426
1403.0,1627.0,-0.0138775
1403.0,1419.0,-0.0138773
1404.0,1420.0,-0.0173466
1404.0,1628.0,-0.0173466
1405.0,1421.0,-0.0260199
1405.0,1629.0,-0.0260199
1406.0,1422.0,-0.0520398
1406.0,1630.0,-0.0520398
1407.0,1423.0,-0.0693864
1407.0,1631.0,-0.0693864
1408.0,1424.0,-0.0346932
1408.0,1632.0,-0.0346932
1409.0,1633.0,-0.17017
1409.0,1425.0,-0.017309
1410.0,1634.0,-0.34034
1410.0,1426.0,-0.0346181
1411.0,1635.0,-0.238238
1411.0,1427.0,-0.0242327
1412.0,1636.0,-0.0850851
1412.0,1413.0,-0.0312239
1413.0,1637.0,-0.0340339
1413.0,1414.0,-0.0312237
1414.0,1638.0,-0.034033
1414.0,1415.0,-0.0312221
1415.0,1639.0,-0.0680494
1415.0,1416.0,-0.0103857
1416.0,1640.0,-0.100749
1416.0,1432.0,-0.0103874
1417.0,1433.0,-0.0121415
1417.0,1641.0,-0.0112453
1418.0,1434.0,-0.0121426
1418.0,1642.0,-0.0104172
1419.0,1435.0,-0.0138773
1419.0,1643.0,-0.011895
1420.0,1436.0,-0.0173466
1420.0,1644.0,-0.0148685
1421.0,1437.0,-0.0260199
1421.0,1645.0,-0.0223028
1422.0,1438.0,-0.0520398
1422.0,1646.0,-0.0446056
1423.0,1439.0,-0.0693864
1423.0,1647.0,-0.0594741
1424.0,1440.0,-0.0346932
1424.0,1648.0,-0.029737
1425.0,1649.0,-0.167939
1425.0,1441.0,-0.0160216
1426.0,1650.0,-0.335878
1426.0,1442.0,-0.0320431
1427.0,1651.0,-0.235115
1427.0,1443.0,-0.0224302
1428.0,1652.0,-0.0839695
1428.0,1429.0,-0.0312239
1429.0,1653.0,-0.0335877
1429.0,1430.0,-0.0312237
1430.0,1654.0,-0.0335872
1430.0,1431.0,-0.0312223
1431.0,1655.0,-0.0671619
1431.0,1432.0,-0.0103876
1432.0,1656.0,-0.0996114
1433.0,1449.0,-0.0121155
1433.0,1657.0,-0.0112247
1434.0,1450.0,-0.0121422
1434.0,1658.0,-0.0104168
1435.0,1451.0,-0.0138773
1435.0,1659.0,-0.011895
1436.0,1452.0,-0.0173466
1436.0,1660.0,-0.0148685
1437.0,1453.0,-0.0260199
1437.0,1661.0,-0.0223028
1438.0,1454.0,-0.0520398
1438.0,1662.0,-0.0446056
1439.0,1455.0,-0.0693864
1439.0,1663.0,-0.0594741
1440.0,1456.0,-0.0346932
1440.0,1664.0,-0.029737
1441.0,1665.0,-0.0187428
1442.0,1666.0,-0.0374856
1443.0,1667.0,-0.0262399
1444.0,1445.0,-0.0364279
1445.0,1446.0,-0.0364279
1446.0,1447.0,-0.0364278
1447.0,1448.0,-0.0121415
1448.0,1449.0,-0.0121155
1448.0,1672.0,-0.0112247
1449.0,1673.0,-0.0121698
1450.0,1674.0,-0.0121431
1450.0,1451.0,-0.0121426
1451.0,1675.0,-0.0138773
1452.0,1676.0,-0.0173466
1453.0,1677.0,-0.0260199
1454.0,1678.0,-0.0520398
1455.0,1679.0,-0.0693864
1456.0,1680.0,-0.0346932
1457.0,1681.0,-0.017362
1457.0,1473.0,-0.0173459
1458.0,1682.0,-0.0347239
1458.0,1474.0,-0.0346918
1459.0,1683.0,-0.0243067
1459.0,1475.0,-0.0242843
1460.0,1461.0,-0.0364279
1461.0,1462.0,-0.0364279
1462.0,1463.0,-0.0364279
1463.0,1464.0,-0.0121426
1464.0,1465.0,-0.0121422
1464.0,1688.0,-0.0104168
1465.0,1689.0,-0.0121431
1465.0,1481.0,-0.0121426
1466.0,1467.0,-0.0121426
1466.0,1690.0,-0.0121426
1467.0,1483.0,-0.0138773
1467.0,1691.0,-0.0138773
1468.0,1484.0,-0.0173466
1468.0,1692.0,-0.0173466
1469.0,1485.0,-0.0260199
1469.0,1693.0,-0.0260199
1470.0,1486.0,-0.0520398
1470.0,1694.0,-0.0520398
1471.0,1487.0,-0.0693864
1471.0,1695.0,-0.0693864
1472.0,1488.0,-0.0346932
1472.0,1696.0,-0.0346932
1473.0,1697.0,-0.0198249
1474.0,1698.0,-0.0396499
1475.0,1699.0,-0.0277549
1476.0,1477.0,-0.0416319
1477.0,1478.0,-0.0416319
1478.0,1479.0,-0.0416319
1479.0,1480.0,-0.0138773
1480.0,1481.0,-0.0138773
1480.0,1704.0,-0.011895
1481.0,1705.0,-0.0138773
1482.0,1483.0,-0.0138773
1482.0,1706.0,-0.0138773
1483.0,1707.0,-0.0158598
1484.0,1708.0,-0.0198247
1485.0,1709.0,-0.029737
1486.0,1710.0,-0.0594741
1487.0,1711.0,-0.0792988
1488.0,1712.0,-0.0396494
1489.0,1713.0,-0.0247809
1490.0,1714.0,-0.0495618
1491.0,1715.0,-0.0346932
1492.0,1493.0,-0.0520398
1493.0,1494.0,-0.0520398
1494.0,1495.0,-0.0520398
1495.0,1496.0,-0.0173466
1496.0,1497.0,-0.0173466
1496.0,1720.0,-0.0148685
1497.0,1721.0,-0.0173466
1498.0,1499.0,-0.0173466
1498.0,1722.0,-0.0173466
1499.0,1723.0,-0.0198247
1500.0,1724.0,-0.0247809
1501.0,1725.0,-0.0371713
1502.0,1726.0,-0.0743426
1503.0,1727.0,-0.0991235
1504.0,1728.0,-0.0495617
1505.0,1729.0,-0.0371713
1506.0,1730.0,-0.0743426
1507.0,1731.0,-0.0520398
1508.0,1509.0,-0.0780598
1509.0,1510.0,-0.0780598
1510.0,1511.0,-0.0780598
1511.0,1512.0,-0.0260199
1512.0,1513.0,-0.0260199
1512.0,1736.0,-0.0223028
1513.0,1737.0,-0.0260199
1514.0,1515.0,-0.0260199
1514.0,1738.0,-0.0260199
1515.0,1739.0,-0.029737
1516.0,1740.0,-0.0371713
1517.0,1741.0,-0.055757
1518.0,1742.0,-0.111514
1519.0,1743.0,-0.148685
1520.0,1744.0,-0.0743426
1521.0,1745.0,-0.0743426
1522.0,1746.0,-0.148685
1523.0,1747.0,-0.10408
1524.0,1525.0,-0.15612
1525.0,1526.0,-0.15612
1526.0,1527.0,-0.15612
1527.0,1528.0,-0.0520398
1528.0,1529.0,-0.0520398
1528.0,1752.0,-0.0446056
1529.0,1753.0,-0.0520398
1530.0,1531.0,-0.0520398
1530.0,1754.0,-0.0520398
1531.0,1755.0,-0.0594741
1532.0,1756.0,-0.0743426
1533.0,1757.0,-0.111514
1534.0,1758.0,-0.223028
1535.0,1759.0,-0.29737
1536.0,1760.0,-0.148685
1537.0,1761.0,-0.0991235
1538.0,1762.0,-0.198247
1539.0,1763.0,-0.138773
1540.0,1541.0,-0.208159
1541.0,1542.0,-0.208159
1542.0,1543.0,-0.208159
1543.0,1544.0,-0.0693864
1544.0,1545.0,-0.0693864
1544.0,1768.0,-0.0594741
1545.0,1769.0,-0.0693864
1546.0,1547.0,-0.0693864
1546.0,1770.0,-0.0693864
1547.0,1771.0,-0.0792988
1548.0,1772.0,-0.0991235
1549.0,1773.0,-0.148685
1550.0,1774.0,-0.29737
1551.0,1775.0,-0.396494
1552.0,1776.0,-0.198247
1553.0,1777.0,-0.0495617
1554.0,1778.0,-0.0991235
1555.0,1779.0,-0.0693864
1556.0,1557.0,-0.10408
1557.0,1558.0,-0.10408
1558.0,1559.0,-0.10408
1559.0,1560.0,-0.0346932
1560.0,1561.0,-0.0346932
1560.0,1784.0,-0.029737
1561.0,1785.0,-0.0346932
1562.0,1563.0,-0.0346932
1562.0,1786.0,-0.0346932
1563.0,1787.0,-0.0396494
1564.0,1788.0,-0.0495617
1565.0,1789.0,-0.0743426
1566.0,1790.0,-0.148685
1567.0,1791.0,-0.198247
1568.0,1792.0,-0.0991235
1569.0,1793.0,-0.0271699
1570.0,1794.0,-0.0543399
1571.0,1795.0,-0.0380379
1572.0,1796.0,-0.0135849
1576.0,1800.0,-0.016046
1577.0,1801.0,-0.0173842
1578.0,1802.0,-0.0173473
1579.0,1803.0,-0.0198247
1580.0,1804.0,-0.0247809
1581.0,1805.0,-0.0371713
1582.0,1806.0,-0.0743426
1583.0,1807.0,-0.0991235
1584.0,1808.0,-0.0495617
1585.0,1809.0,-0.0543399
1586.0,1810.0,-0.10868
1587.0,1811.0,-0.0760758
1588.0,1812.0,-0.0271699
1592.0,1816.0,-0.0320919
1593.0,1817.0,-0.0347685
1594.0,1818.0,-0.0346946
1595.0,1819.0,-0.0396494
1596.0,1820.0,-0.0495617
1597.0,1821.0,-0.0743426
1598.0,1822.0,-0.148685
1599.0,1823.0,-0.198247
1600.0,1824.0,-0.0991235
1601.0,1825.0,-0.0380379
1602.0,1826.0,-0.0760758
1603.0,1827.0,-0.0532531
1604.0,1828.0,-0.0190189
1608.0,1832.0,-0.0224643
1609.0,1833.0,-0.0243379
1610.0,1834.0,-0.0242862
1611.0,1835.0,-0.0277546
1612.0,1836.0,-0.0346932
1613.0,1837.0,-0.0520398
1614.0,1838.0,-0.10408
1615.0,1839.0,-0.138773
1616.0,1840.0,-0.0693864
1617.0,1841.0,-0.0190188
1618.0,1842.0,-0.0380375
1619.0,1843.0,-0.0266263
1620.0,1844.0,-0.00950936
1624.0,1848.0,-0.0112321
1625.0,1849.0,-0.012169
1626.0,1850.0,-0.0121431
1627.0,1851.0,-0.0138773
1628.0,1852.0,-0.0173466
1629.0,1853.0,-0.0260199
1630.0,1854.0,-0.0520398
1631.0,1855.0,-0.0693864
1632.0,1856.0,-0.0346932
1633.0,1857.0,-0.0162937
1634.0,1858.0,-0.0325874
1635.0,1859.0,-0.0228112
1636.0,1860.0,-0.00814685
1640.0,1864.0,-0.00962469
1641.0,1865.0,-0.0104305
1642.0,1866.0,-0.0104084
1643.0,1867.0,-0.0118948
1644.0,1868.0,-0.0148685
1645.0,1869.0,-0.0223028
1646.0,1870.0,-0.0446056
1647.0,1871.0,-0.0594741
1648.0,1872.0,-0.029737
1649.0,1873.0,-0.016046
1650.0,1874.0,-0.0320921
1651.0,1875.0,-0.0224644
1656.0,1880.0,-0.00952049
1657.0,1881.0,-0.0104285
1658.0,1882.0,-0.0104083
1659.0,1883.0,-0.0118948
1660.0,1884.0,-0.0148685
1661.0,1885.0,-0.0223028
1662.0,1886.0,-0.0446056
1663.0,1887.0,-0.0594741
1664.0,1888.0,-0.029737
1665.0,1889.0,-0.0173842
1666.0,1890.0,-0.0347685
1667.0,1891.0,-0.0243379
1668.0,1669.0,-0.0312239
1669.0,1670.0,-0.0312237
1670.0,1671.0,-0.0312223
1671.0,1672.0,-0.0103876
1672.0,1896.0,-0.0104285
1673.0,1897.0,-0.0121438
1674.0,1898.0,-0.0121427
1675.0,1899.0,-0.0138773
1676.0,1900.0,-0.0173466
1677.0,1901.0,-0.0260199
1678.0,1902.0,-0.0520398
1679.0,1903.0,-0.0693864
1680.0,1904.0,-0.0346932
1681.0,1905.0,-0.0173473
1682.0,1906.0,-0.0346946
1683.0,1907.0,-0.0242862
1684.0,1685.0,-0.0312239
1685.0,1686.0,-0.0312239
1686.0,1687.0,-0.0312239
1687.0,1688.0,-0.0104076
1688.0,1912.0,-0.0104083
1689.0,1913.0,-0.0121427
1690.0,1914.0,-0.0121426
1691.0,1915.0,-0.0138773
1692.0,1916.0,-0.0173466
1693.0,1917.0,-0.0260199
1694.0,1918.0,-0.0520398
1695.0,1919.0,-0.0693864
1696.0,1920.0,-0.0346932
1697.0,1921.0,-0.0198247
1698.0,1922.0,-0.0396494
1699.0,1923.0,-0.0277546
1700.0,1701.0,-0.0356845
1701.0,1702.0,-0.0356845
1702.0,1703.0,-0.0356845
1703.0,1704.0,-0.0118948
1704.0,1928.0,-0.0118948
1705.0,1929.0,-0.0138773
1706.0,1930.0,-0.0138773
1707.0,1931.0,-0.0158598
1708.0,1932.0,-0.0198247
1709.0,1933.0,-0.029737
1710.0,1934.0,-0.0594741
1711.0,1935.0,-0.0792988
1712.0,1936.0,-0.0396494
1713.0,1937.0,-0.0247809
1714.0,1938.0,-0.0495617
1715.0,1939.0,-0.0346932
1716.0,1717.0,-0.0446056
1717.0,1718.0,-0.0446056
1718.0,1719.0,-0.0446056
1719.0,1720.0,-0.0148685
1720.0,1944.0,-0.0148685
1721.0,1945.0,-0.0173466
1722.0,1946.0,-0.0173466
1723.0,1947.0,-0.0198247
1724.0,1948.0,-0.0247809
1725.0,1949.0,-0.0371713
1726.0,1950.0,-0.0743426
1727.0,1951.0,-0.0991235
1728.0,1952.0,-0.0495617
1729.0,1953.0,-0.0371713
1730.0,1954.0,-0.0743426
1731.0,1955.0,-0.0520398
1732.0,1733.0,-0.0669084
1733.0,1734.0,-0.0669084
1734.0,1735.0,-0.0669084
1735.0,1736.0,-0.0223028
1736.0,1960.0,-0.0223028
1737.0,1961.0,-0.0260199
1738.0,1962.0,-0.0260199
1739.0,1963.0,-0.029737
1740.0,1964.0,-0.0371713
1741.0,1965.0,-0.055757
1742.0,1966.0,-0.111514
1743.0,1967.0,-0.148685
1744.0,1968.0,-0.0743426
1745.0,1969.0,-0.0743426
1746.0,1970.0,-0.148685
1747.0,1971.0,-0.10408
1748.0,1749.0,-0.133817
1749.0,1750.0,-0.133817
1750.0,1751.0,-0.133817
1751.0,1752.0,-0.0446056
1752.0,1976.0,-0.0446056
1753.0,1977.0,-0.0520398
1754.0,1978.0,-0.0520398
1755.0,1979.0,-0.0594741
1756.0,1980.0,-0.0743426
1757.0,1981.0,-0.111514
1758.0,1982.0,-0.223028
1759.0,1983.0,-0.29737
1760.0,1984.0,-0.148685
1761.0,1985.0,-0.0991235
1762.0,1986.0,-0.198247
1763.0,1987.0,-0.138773
1764.0,1765.0,-0.178422
1765.0,1766.0,-0.178422
1766.0,1767.0,-0.178422
1767.0,1768.0,-0.0594741
1768.0,1992.0,-0.0594741
1769.0,1993.0,-0.0693864
1770.0,1994.0,-0.0693864
1771.0,1995.0,-0.0792988
1772.0,1996.0,-0.0991235
1773.0,1997.0,-0.148685
1774.0,1998.0,-0.29737
1775.0,1999.0,-0.396494
1776.0,2000.0,-0.198247
1777.0,2001.0,-0.0495617
1778.0,2002.0,-0.0991235
1779.0,2003.0,-0.0693864
1780.0,1781.0,-0.0892111
1781.0,1782.0,-0.0892111
1782.0,1783.0,-0.0892111
1783.0,1784.0,-0.029737
1784.0,2008.0,-0.029737
1785.0,2009.0,-0.0346932
1786.0,2010.0,-0.0346932
1787.0,2011.0,-0.0396494
1788.0,2012.0,-0.0495617
1789.0,2013.0,-0.0743426
1790.0,2014.0,-0.148685
1791.0,2015.0,-0.198247
1792.0,2016.0,-0.0991235
1793.0,2017.0,-0.0248225
1794.0,2018.0,-0.0496451
1795.0,2019.0,-0.0347516
1796.0,1797.0,-0.044604
1797.0,1798.0,-0.0445938
1798.0,1799.0,-0.044513
1800.0,2024.0,-0.0148856
1801.0,2025.0,-0.0173474
1802.0,2026.0,-0.0173466
1803.0,2027.0,-0.0198247
1804.0,2028.0,-0.0247809
1805.0,2029.0,-0.0371713
1806.0,2030.0,-0.0743426
1807.0,2031.0,-0.0991235
1808.0,2032.0,-0.0495617
1809.0,2033.0,-0.0496451
1810.0,2034.0,-0.0992902
1811.0,2035.0,-0.0695031
1812.0,1813.0,-0.089208
1813.0,1814.0,-0.0891877
1814.0,1815.0,-0.089026
1816.0,2040.0,-0.0297711
1817.0,2041.0,-0.0346949
1818.0,2042.0,-0.0346933
1819.0,2043.0,-0.0396494
1820.0,2044.0,-0.0495617
1821.0,2045.0,-0.0743426
1822.0,2046.0,-0.148685
1823.0,2047.0,-0.198247
1824.0,2048.0,-0.0991235
1825.0,2049.0,-0.0347516
1826.0,2050.0,-0.0695031
1827.0,2051.0,-0.0486522
1828.0,1829.0,-0.0624456
1829.0,1830.0,-0.0624314
1830.0,1831.0,-0.0623182
1832.0,2056.0,-0.0208398
1833.0,2057.0,-0.0242864
1834.0,2058.0,-0.0242853
1835.0,2059.0,-0.0277546
1836.0,2060.0,-0.0346932
1837.0,2061.0,-0.0520398
1838.0,2062.0,-0.10408
1839.0,2063.0,-0.138773
1840.0,2064.0,-0.0693864
1841.0,2065.0,-0.0173758
1842.0,2066.0,-0.0347515
1843.0,2067.0,-0.0243261
1844.0,1845.0,-0.0312228
1845.0,1846.0,-0.0312157
1846.0,1847.0,-0.0311591
1848.0,2072.0,-0.0104199
1849.0,2073.0,-0.0121432
1850.0,2074.0,-0.0121426
1851.0,2075.0,-0.0138773
1852.0,2076.0,-0.0173466
1853.0,2077.0,-0.0260199
1854.0,2078.0,-0.0520398
1855.0,2079.0,-0.0693864
1856.0,2080.0,-0.0346932
1860.0,1861.0,-0.0267624
1861.0,1862.0,-0.0267564
1862.0,1863.0,-0.0267085
1876.0,1877.0,-0.0267629
1877.0,1878.0,-0.0267591
1878.0,1879.0,-0.0267243
1879.0,1880.0,-0.00825674
1889.0,2113.0,-0.0173474
1890.0,2114.0,-0.0346949
1891.0,2115.0,-0.0242864
1892.0,1893.0,-0.0312239
1893.0,1894.0,-0.0312237
1894.0,1895.0,-0.0312221
1895.0,1896.0,-0.0103857
1897.0,2121.0,-0.0121427
1898.0,2122.0,-0.0121426
1899.0,2123.0,-0.0138773
1900.0,2124.0,-0.0173466
1901.0,2125.0,-0.0260199
1902.0,2126.0,-0.0520398
1903.0,2127.0,-0.0693864
1904.0,2128.0,-0.0346932
1905.0,2129.0,-0.0173466
1906.0,2130.0,-0.0346933
1907.0,2131.0,-0.0242853
1908.0,1909.0,-0.0312239
1909.0,1910.0,-0.0312239
1910.0,1911.0,-0.0312239
1911.0,1912.0,-0.0104076
1913.0,2137.0,-0.0121426
1914.0,2138.0,-0.0121426
1915.0,2139.0,-0.0138773
1916.0,2140.0,-0.0173466
1917.0,2141.0,-0.0260199
1918.0,2142.0,-0.0520398
1919.0,2143.0,-0.0693864
1920.0,2144.0,-0.0346932
1921.0,2145.0,-0.0198247
1922.0,2146.0,-0.0396494
1923.0,2147.0,-0.0277546
1924.0,1925.0,-0.0356845
1925.0,1926.0,-0.0356845
1926.0,1927.0,-0.0356845
1927.0,1928.0,-0.0118948
1929.0,2153.0,-0.0138773
1930.0,2154.0,-0.0138773
1931.0,2155.0,-0.0158598
1932.0,2156.0,-0.0198247
1933.0,2157.0,-0.029737
1934.0,2158.0,-0.0594741
1935.0,2159.0,-0.0792988
1936.0,2160.0,-0.0396494
1937.0,2161.0,-0.0247809
1938.0,2162.0,-0.0495617
1939.0,2163.0,-0.0346932
1940.0,1941.0,-0.0446056
1941.0,1942.0,-0.0446056
1942.0,1943.0,-0.0446056
1943.0,1944.0,-0.0148685
1945.0,2169.0,-0.0173466
1946.0,2170.0,-0.0173466
1947.0,2171.0,-0.0198247
1948.0,2172.0,-0.0247809
1949.0,2173.0,-0.0371713
1950.0,2174.0,-0.0743426
1951.0,2175.0,-0.0991235
1952.0,2176.0,-0.0495617
1953.0,2177.0,-0.0371713
1954.0,2178.0,-0.0743426
1955.0,2179.0,-0.0520398
1956.0,1957.0,-0.0669084
1957.0,1958.0,-0.0669084
1958.0,1959.0,-0.0669084
1959.0,1960.0,-0.0223028
1961.0,2185.0,-0.0260199
1962.0,2186.0,-0.0260199
1963.0,2187.0,-0.029737
1964.0,2188.0,-0.0371713
1965.0,2189.0,-0.055757
1966.0,2190.0,-0.111514
1967.0,2191.0,-0.148685
1968.0,2192.0,-0.0743426
1969.0,2193.0,-0.0743426
1970.0,2194.0,-0.148685
1971.0,2195.0,-0.10408
1972.0,1973.0,-0.133817
1973.0,1974.0,-0.133817
1974.0,1975.0,-0.133817
1975.0,1976.0,-0.0446056
1977.0,2201.0,-0.0520398
1978.0,2202.0,-0.0520398
1979.0,2203.0,-0.0594741
1980.0,2204.0,-0.0743426
1981.0,2205.0,-0.111514
1982.0,2206.0,-0.223028
1983.0,2207.0,-0.29737
1984.0,2208.0,-0.148685
1985.0,2209.0,-0.0991235
1986.0,2210.0,-0.198247
1987.0,2211.0,-0.138773
1988.0,1989.0,-0.178422
1989.0,1990.0,-0.178422
1990.0,1991.0,-0.178422
1991.0,1992.0,-0.0594741
1993.0,2217.0,-0.0693864
1994.0,2218.0,-0.0693864
1995.0,2219.0,-0.0792988
1996.0,2220.0,-0.0991235
1997.0,2221.0,-0.148685
1998.0,2222.0,-0.29737
1999.0,2223.0,-0.396494
2000.0,2224.0,-0.198247
2001.0,2225.0,-0.0495617
2002.0,2226.0,-0.0991235
2003.0,2227.0,-0.0693864
2004.0,2005.0,-0.0892111
2005.0,2006.0,-0.0892111
2006.0,2007.0,-0.0892111
2007.0,2008.0,-0.029737
2009.0,2233.0,-0.0346932
2010.0,2234.0,-0.0346932
2011.0,2235.0,-0.0396494
2012.0,2236.0,-0.0495617
2013.0,2237.0,-0.0743426
2014.0,2238.0,-0.148685
2015.0,2239.0,-0.198247
2016.0,2240.0,-0.0991235
2017.0,2241.0,-0.0185861
2018.0,2242.0,-0.0371723
2019.0,2243.0,-0.0260206
2020.0,2021.0,-0.0520379
2021.0,2022.0,-0.0520259
2022.0,2023.0,-0.0519305
2023.0,2024.0,-0.0157868
2028.0,2252.0,-0.0185857
2029.0,2253.0,-0.0278785
2030.0,2254.0,-0.055757
2031.0,2255.0,-0.0743426
2032.0,2256.0,-0.0371713
2033.0,2257.0,-0.0371723
2034.0,2258.0,-0.0743446
2035.0,2259.0,-0.0520412
2036.0,2037.0,-0.104076
2037.0,2038.0,-0.104052
2038.0,2039.0,-0.103861
2039.0,2040.0,-0.0315735
2044.0,2268.0,-0.0371713
2045.0,2269.0,-0.055757
2046.0,2270.0,-0.111514
2047.0,2271.0,-0.148685
2048.0,2272.0,-0.0743426
2049.0,2273.0,-0.0260206
2050.0,2274.0,-0.0520412
2051.0,2275.0,-0.0364288
2052.0,2053.0,-0.0728531
2053.0,2054.0,-0.0728362
2054.0,2055.0,-0.0727027
2055.0,2056.0,-0.0221015
2060.0,2284.0,-0.0260199
2061.0,2285.0,-0.0390299
2062.0,2286.0,-0.0780598
2063.0,2287.0,-0.10408
2064.0,2288.0,-0.0520398
2065.0,2081.0,-0.0173175
2066.0,2082.0,-0.034635
2067.0,2083.0,-0.0242445
2068.0,2069.0,-0.0364266
2069.0,2070.0,-0.0364181
2070.0,2071.0,-0.0363514
2071.0,2072.0,-0.0110508
2072.0,2088.0,-0.0103961
2073.0,2089.0,-0.0121421
2074.0,2090.0,-0.0121426
2075.0,2091.0,-0.0138773
2076.0,2092.0,-0.0173466
2077.0,2093.0,-0.0260199
2078.0,2094.0,-0.0520398
2079.0,2095.0,-0.0693864
2080.0,2096.0,-0.0346932
2081.0,2097.0,-0.0157755
2082.0,2098.0,-0.031551
2083.0,2099.0,-0.0220857
2084.0,2085.0,-0.0312228
2085.0,2086.0,-0.0312157
2086.0,2087.0,-0.0311591
2087.0,2088.0,-0.00947707
2088.0,2104.0,-0.00962515
2089.0,2105.0,-0.0121163
2090.0,2106.0,-0.0121421
2091.0,2107.0,-0.0138773
2092.0,2108.0,-0.0173466
2093.0,2109.0,-0.0260199
2094.0,2110.0,-0.0520398
2095.0,2111.0,-0.0693864
2096.0,2112.0,-0.0346932
2100.0,2101.0,-0.0312233
2101.0,2102.0,-0.0312189
2102.0,2103.0,-0.0311779
2103.0,2104.0,-0.00962992
2116.0,2117.0,-0.0364278
2117.0,2118.0,-0.0364276
2118.0,2119.0,-0.0364258
2119.0,2120.0,-0.0121166
2120.0,2121.0,-0.0112151
2132.0,2133.0,-0.0364279
2133.0,2134.0,-0.0364279
2134.0,2135.0,-0.0364278
2135.0,2136.0,-0.0121422
2136.0,2137.0,-0.0121319
2148.0,2149.0,-0.0416319
2149.0,2150.0,-0.0416319
2150.0,2151.0,-0.0416319
2151.0,2152.0,-0.0138773
2152.0,2153.0,-0.0138771
2161.0,2385.0,-0.0185857
2162.0,2386.0,-0.0371713
2163.0,2387.0,-0.0260199
2164.0,2165.0,-0.0520398
2165.0,2166.0,-0.0520398
2166.0,2167.0,-0.0520398
2167.0,2168.0,-0.0173466
2168.0,2169.0,-0.0173466
2172.0,2396.0,-0.0185857
2173.0,2397.0,-0.0278785
2174.0,2398.0,-0.055757
2175.0,2399.0,-0.0743426
2176.0,2400.0,-0.0371713
2177.0,2401.0,-0.0278785
2178.0,2402.0,-0.055757
2179.0,2403.0,-0.0390299
2180.0,2181.0,-0.0780598
2181.0,2182.0,-0.0780598
2182.0,2183.0,-0.0780598
2183.0,2184.0,-0.0260199
2184.0,2185.0,-0.0260199
2188.0,2412.0,-0.0278785
2189.0,2413.0,-0.0418177
2190.0,2414.0,-0.0836355
2191.0,2415.0,-0.111514
2192.0,2416.0,-0.055757
2193.0,2417.0,-0.055757
2194.0,2418.0,-0.111514
2195.0,2419.0,-0.0780598
2196.0,2197.0,-0.15612
2197.0,2198.0,-0.15612
2198.0,2199.0,-0.15612
2199.0,2200.0,-0.0520398
2200.0,2201.0,-0.0520398
2204.0,2428.0,-0.055757
2205.0,2429.0,-0.0836355
2206.0,2430.0,-0.167271
2207.0,2431.0,-0.223028
2208.0,2432.0,-0.111514
2209.0,2433.0,-0.0743426
2210.0,2434.0,-0.148685
2211.0,2435.0,-0.10408
2212.0,2213.0,-0.208159
2213.0,2214.0,-0.208159
2214.0,2215.0,-0.208159
2215.0,2216.0,-0.0693864
2216.0,2217.0,-0.0693864
2220.0,2444.0,-0.0743426
2221.0,2445.0,-0.111514
2222.0,2446.0,-0.223028
2223.0,2447.0,-0.29737
2224.0,2448.0,-0.148685
2225.0,2449.0,-0.0371713
2226.0,2450.0,-0.0743426
2227.0,2451.0,-0.0520398
2228.0,2229.0,-0.10408
2229.0,2230.0,-0.10408
2230.0,2231.0,-0.10408
2231.0,2232.0,-0.0346932
2232.0,2233.0,-0.0346932
2236.0,2460.0,-0.0371713
2237.0,2461.0,-0.055757
2238.0,2462.0,-0.111514
2239.0,2463.0,-0.148685
2240.0,2464.0,-0.0743426
2243.0,2244.0,-0.0260199
2244.0,2245.0,-0.104076
2245.0,2246.0,-0.104052
2246.0,2247.0,-0.103861
2247.0,2248.0,-0.0315732
2249.0,2250.0,-0.0239415
2250.0,2251.0,-0.0346601
2251.0,2252.0,-0.0208157
2252.0,2253.0,-0.0208159
2258.0,2482.0,-0.0297371
2259.0,2260.0,-0.0520397
2260.0,2261.0,-0.208152
2261.0,2262.0,-0.208103
2262.0,2263.0,-0.207722
2263.0,2264.0,-0.0631463
2265.0,2266.0,-0.0478829
2266.0,2267.0,-0.0693203
2267.0,2268.0,-0.0416313
2268.0,2269.0,-0.0416319
2270.0,2494.0,-0.0446056
2271.0,2495.0,-0.0594741
2272.0,2496.0,-0.029737
2273.0,2289.0,-0.0260192
2274.0,2290.0,-0.0520385
2275.0,2276.0,-0.0364278
2275.0,2291.0,-0.0364269
2276.0,2277.0,-0.145706
2277.0,2278.0,-0.145672
2278.0,2279.0,-0.145405
2279.0,2280.0,-0.0442024
2281.0,2282.0,-0.033518
2281.0,2297.0,-0.0182139
2282.0,2283.0,-0.0485242
2283.0,2284.0,-0.0291419
2283.0,2299.0,-0.0208159
2284.0,2285.0,-0.0291423
2284.0,2300.0,-0.0260199
2285.0,2301.0,-0.0390299
2286.0,2302.0,-0.0780598
2287.0,2303.0,-0.10408
2288.0,2304.0,-0.0520398
2289.0,2305.0,-0.0346349
2290.0,2306.0,-0.0692699
2291.0,2307.0,-0.0484889
2291.0,2292.0,-0.0182139
2292.0,2293.0,-0.0728531
2293.0,2294.0,-0.0728362
2294.0,2295.0,-0.0727027
2295.0,2296.0,-0.0221015
2296.0,2312.0,-0.0207921
2297.0,2313.0,-0.0242841
2298.0,2314.0,-0.0242852
2299.0,2315.0,-0.0277546
2300.0,2316.0,-0.0346932
2301.0,2317.0,-0.0520398
2302.0,2318.0,-0.10408
2303.0,2319.0,-0.138773
2304.0,2320.0,-0.0693864
2305.0,2321.0,-0.0315506
2306.0,2322.0,-0.0631012
2307.0,2323.0,-0.0441708
2308.0,2309.0,-0.0624456
2309.0,2310.0,-0.0624314
2310.0,2311.0,-0.0623182
2311.0,2312.0,-0.0189539
2312.0,2328.0,-0.0192502
2313.0,2329.0,-0.0242327
2314.0,2330.0,-0.0242843
2315.0,2331.0,-0.0277546
2316.0,2332.0,-0.0346932
2317.0,2333.0,-0.0520398
2318.0,2334.0,-0.10408
2319.0,2335.0,-0.138773
2320.0,2336.0,-0.0693864
2324.0,2325.0,-0.0624466
2325.0,2326.0,-0.0624377
2326.0,2327.0,-0.0623559
2327.0,2328.0,-0.0192597
2329.0,2345.0,-0.0224302
2330.0,2346.0,-0.0242638
2331.0,2347.0,-0.0277543
2332.0,2348.0,-0.0346932
2333.0,2349.0,-0.0520398
2334.0,2350.0,-0.10408
2335.0,2351.0,-0.138773
2336.0,2352.0,-0.0693864
2337.0,2353.0,-0.0239415
2338.0,2354.0,-0.0478829
2339.0,2355.0,-0.033518
2340.0,2341.0,-0.0728557
2341.0,2342.0,-0.0728552
2342.0,2343.0,-0.0728515
2343.0,2344.0,-0.0242331
2344.0,2345.0,-0.0224302
2346.0,2347.0,-0.0242843
2347.0,2363.0,-0.0208159
2348.0,2364.0,-0.0260199
2349.0,2365.0,-0.0390299
2350.0,2366.0,-0.0780598
2351.0,2367.0,-0.10408
2352.0,2368.0,-0.0520398
2353.0,2369.0,-0.0346601
2354.0,2370.0,-0.0693203
2355.0,2371.0,-0.0485242
2356.0,2357.0,-0.0728558
2357.0,2358.0,-0.0728558
2358.0,2359.0,-0.0728557
2359.0,2360.0,-0.0242843
2360.0,2361.0,-0.0242638
2361.0,2377.0,-0.0242843
2362.0,2363.0,-0.0242852
2363.0,2379.0,-0.0277546
2364.0,2380.0,-0.0346932
2365.0,2381.0,-0.0520398
2366.0,2382.0,-0.10408
2367.0,2383.0,-0.138773
2368.0,2384.0,-0.0693864
2369.0,2385.0,-0.0208157
2370.0,2386.0,-0.0416313
2371.0,2387.0,-0.0291419
2371.0,2372.0,-0.0208159
2372.0,2373.0,-0.0832637
2373.0,2374.0,-0.0832637
2374.0,2375.0,-0.0832637
2375.0,2376.0,-0.0277546
2376.0,2377.0,-0.0277543
2378.0,2379.0,-0.0277546
2380.0,2396.0,-0.0208159
2381.0,2397.0,-0.0312239
2382.0,2398.0,-0.0624478
2383.0,2399.0,-0.0832637
2384.0,2400.0,-0.0416319
2385.0,2401.0,-0.0208159
2386.0,2402.0,-0.0416319
2387.0,2403.0,-0.0291423
2387.0,2388.0,-0.0260199
2388.0,2389.0,-0.10408
2389.0,2390.0,-0.10408
2390.0,2391.0,-0.10408
2391.0,2392.0,-0.0346932
2392.0,2393.0,-0.0346932
2393.0,2394.0,-0.0260199
2394.0,2395.0,-0.0346932
2403.0,2404.0,-0.0390299
2404.0,2405.0,-0.15612
2405.0,2406.0,-0.15612
2406.0,2407.0,-0.15612
2407.0,2408.0,-0.0520398
2408.0,2409.0,-0.0520398
2409.0,2410.0,-0.0390299
2410.0,2411.0,-0.0520398
2411.0,2412.0,-0.0312239
2418.0,2642.0,-0.0446056
2419.0,2420.0,-0.0780598
2420.0,2421.0,-0.312239
2421.0,2422.0,-0.312239
2422.0,2423.0,-0.312239
2423.0,2424.0,-0.10408
2424.0,2425.0,-0.10408
2425.0,2426.0,-0.0780598
2426.0,2427.0,-0.10408
2427.0,2428.0,-0.0624478
2430.0,2654.0,-0.0669084
2431.0,2655.0,-0.0892111
2432.0,2656.0,-0.0446056
2434.0,2658.0,-0.0594741
2435.0,2436.0,-0.10408
2436.0,2437.0,-0.416319
2437.0,2438.0,-0.416319
2438.0,2439.0,-0.416319
2439.0,2440.0,-0.138773
2440.0,2441.0,-0.138773
2441.0,2442.0,-0.10408
2442.0,2443.0,-0.138773
2443.0,2444.0,-0.0832637
2446.0,2670.0,-0.0892111
2447.0,2671.0,-0.118948
2448.0,2672.0,-0.0594741
2450.0,2674.0,-0.029737
2451.0,2452.0,-0.0520398
2452.0,2453.0,-0.208159
2453.0,2454.0,-0.208159
2454.0,2455.0,-0.208159
2455.0,2456.0,-0.0693864
2456.0,2457.0,-0.0693864
2457.0,2458.0,-0.0520398
2458.0,2459.0,-0.0693864
2459.0,2460.0,-0.0416319
2462.0,2686.0,-0.0446056
2463.0,2687.0,-0.0594741
2464.0,2688.0,-0.029737
2465.0,2466.0,-0.0148685
2466.0,2482.0,-0.029737
2467.0,2468.0,-0.0371712
2467.0,2483.0,-0.0208159
2468.0,2469.0,-0.14868
2469.0,2470.0,-0.148645
2470.0,2471.0,-0.148373
2471.0,2472.0,-0.0451045
2472.0,2693.0,-0.00446056
2473.0,2474.0,-0.0342021
2474.0,2475.0,-0.0495145
2475.0,2476.0,-0.0297367
2476.0,2477.0,-0.029737
2477.0,2493.0,-0.0223028
2477.0,2698.0,-0.0111514
2478.0,2494.0,-0.0446056
2478.0,2699.0,-0.0223028
2479.0,2495.0,-0.0594741
2479.0,2700.0,-0.029737
2480.0,2496.0,-0.029737
2480.0,2701.0,-0.0148685
2481.0,2482.0,-0.029737
2482.0,2483.0,-0.029737
2482.0,2498.0,-0.029737
2483.0,2484.0,-0.0743424
2483.0,2499.0,-0.0208159
2484.0,2485.0,-0.29736
2485.0,2486.0,-0.297291
2486.0,2487.0,-0.296745
2487.0,2488.0,-0.090209
2488.0,2706.0,-0.00892111
2489.0,2490.0,-0.0684042
2490.0,2491.0,-0.099029
2491.0,2492.0,-0.0594733
2492.0,2493.0,-0.0594741
2493.0,2494.0,-0.029737
2493.0,2509.0,-0.0223028
2493.0,2711.0,-0.0223028
2494.0,2510.0,-0.0446056
2494.0,2712.0,-0.0446056
2495.0,2511.0,-0.0594741
2495.0,2713.0,-0.0594741
2496.0,2512.0,-0.029737
2496.0,2714.0,-0.029737
2497.0,2513.0,-0.0371703
2497.0,2498.0,-0.0208159
2498.0,2514.0,-0.0743407
2499.0,2500.0,-0.0520397
2499.0,2515.0,-0.0520385
2500.0,2501.0,-0.208152
2501.0,2502.0,-0.208103
2502.0,2503.0,-0.207722
2503.0,2504.0,-0.0631463
2505.0,2506.0,-0.0478829
2505.0,2521.0,-0.0260199
2506.0,2507.0,-0.0693203
2507.0,2508.0,-0.0416313
2507.0,2523.0,-0.029737
2508.0,2509.0,-0.0416319
2508.0,2524.0,-0.0371713
2509.0,2525.0,-0.055757
2510.0,2526.0,-0.111514
2511.0,2527.0,-0.148685
2512.0,2528.0,-0.0743426
2513.0,2529.0,-0.0494785
2513.0,2728.0,-0.00520398
2514.0,2530.0,-0.098957
2514.0,2729.0,-0.010408
2515.0,2531.0,-0.0692699
2515.0,2516.0,-0.0260199
2515.0,2730.0,-0.00728558
2516.0,2517.0,-0.104076
2517.0,2518.0,-0.104052
2518.0,2519.0,-0.103861
2519.0,2520.0,-0.0315735
2520.0,2536.0,-0.029703
2521.0,2537.0,-0.0346916
2522.0,2538.0,-0.0346932
2523.0,2539.0,-0.0396494
2524.0,2540.0,-0.0495617
2525.0,2541.0,-0.0743426
2526.0,2542.0,-0.148685
2527.0,2543.0,-0.198247
2528.0,2544.0,-0.0991235
2529.0,2545.0,-0.0450723
2530.0,2546.0,-0.0901446
2531.0,2547.0,-0.0631012
2532.0,2533.0,-0.089208
2533.0,2534.0,-0.0891877
2534.0,2535.0,-0.089026
2535.0,2536.0,-0.027077
2536.0,2552.0,-0.0275003
2537.0,2553.0,-0.0346181
2538.0,2554.0,-0.0346918
2539.0,2555.0,-0.0396494
2540.0,2556.0,-0.0495617
2541.0,2557.0,-0.0743426
2542.0,2558.0,-0.148685
2543.0,2559.0,-0.198247
2544.0,2560.0,-0.0991235
2548.0,2549.0,-0.0892095
2549.0,2550.0,-0.0891968
2550.0,2551.0,-0.0890798
2551.0,2552.0,-0.0275139
2553.0,2569.0,-0.0320431
2554.0,2570.0,-0.0346625
2555.0,2571.0,-0.0396489
2556.0,2572.0,-0.0495617
2557.0,2573.0,-0.0743426
2558.0,2574.0,-0.148685
2559.0,2575.0,-0.198247
2560.0,2576.0,-0.0991235
2561.0,2577.0,-0.0342021
2562.0,2578.0,-0.0684042
2563.0,2579.0,-0.0478829
2564.0,2565.0,-0.10408
2565.0,2566.0,-0.104079
2566.0,2567.0,-0.104074
2567.0,2568.0,-0.0346187
2568.0,2569.0,-0.0320431
2570.0,2571.0,-0.0346918
2571.0,2587.0,-0.029737
2572.0,2588.0,-0.0371713
2573.0,2589.0,-0.055757
2574.0,2590.0,-0.111514
2575.0,2591.0,-0.148685
2576.0,2592.0,-0.0743426
2577.0,2593.0,-0.0495145
2578.0,2594.0,-0.099029
2579.0,2595.0,-0.0693203
2580.0,2581.0,-0.10408
2581.0,2582.0,-0.10408
2582.0,2583.0,-0.10408
2583.0,2584.0,-0.0346919
2584.0,2585.0,-0.0346625
2585.0,2601.0,-0.0346918
2586.0,2587.0,-0.0346932
2587.0,2603.0,-0.0396494
2588.0,2604.0,-0.0495617
2589.0,2605.0,-0.0743426
2590.0,2606.0,-0.148685
2591.0,2607.0,-0.198247
2592.0,2608.0,-0.0991235
2593.0,2609.0,-0.0297367
2594.0,2610.0,-0.0594733
2595.0,2611.0,-0.0416313
2595.0,2596.0,-0.029737
2596.0,2597.0,-0.118948
2597.0,2598.0,-0.118948
2598.0,2599.0,-0.118948
2599.0,2600.0,-0.0396494
2600.0,2601.0,-0.0396489
2602.0,2603.0,-0.0396494
2604.0,2620.0,-0.029737
2605.0,2621.0,-0.0446056
2606.0,2622.0,-0.0892111
2607.0,2623.0,-0.118948
2608.0,2624.0,-0.0594741
2609.0,2625.0,-0.029737
2610.0,2626.0,-0.0594741
2611.0,2627.0,-0.0416319
2611.0,2612.0,-0.0371713
2612.0,2613.0,-0.148685
2613.0,2614.0,-0.148685
2614.0,2615.0,-0.148685
2615.0,2616.0,-0.0495617
2616.0,2617.0,-0.0495617
2617.0,2618.0,-0.0371713
2618.0,2619.0,-0.0495617
2621.0,2637.0,-0.0446056
2622.0,2638.0,-0.0892111
2623.0,2639.0,-0.118948
2624.0,2640.0,-0.0594741
2625.0,2626.0,-0.0223028
2625.0,2840.0,-0.0111514
2626.0,2642.0,-0.029737
2626.0,2841.0,-0.0223028
2627.0,2628.0,-0.055757
2628.0,2629.0,-0.223028
2629.0,2630.0,-0.223028
2630.0,2631.0,-0.223028
2631.0,2632.0,-0.0743426
2632.0,2633.0,-0.0743426
2633.0,2634.0,-0.055757
2634.0,2635.0,-0.0743426
2635.0,2636.0,-0.0446056
2636.0,2637.0,-0.0446056
2637.0,2852.0,-0.0167271
2638.0,2853.0,-0.0334542
2639.0,2854.0,-0.0446056
2640.0,2855.0,-0.0223028
2641.0,2642.0,-0.0446056
2641.0,2856.0,-0.0223028
2642.0,2643.0,-0.0446056
2642.0,2857.0,-0.0446056
2643.0,2644.0,-0.111514
2644.0,2645.0,-0.446056
2645.0,2646.0,-0.446056
2646.0,2647.0,-0.446056
2647.0,2648.0,-0.148685
2648.0,2649.0,-0.148685
2649.0,2650.0,-0.111514
2650.0,2651.0,-0.148685
2651.0,2652.0,-0.0892111
2652.0,2653.0,-0.0892111
2653.0,2868.0,-0.0334542
2654.0,2869.0,-0.0669084
2655.0,2870.0,-0.0892111
2656.0,2871.0,-0.0446056
2657.0,2658.0,-0.0594741
2657.0,2872.0,-0.029737
2658.0,2659.0,-0.0594741
2658.0,2873.0,-0.0594741
2659.0,2660.0,-0.148685
2660.0,2661.0,-0.594741
2661.0,2662.0,-0.594741
2662.0,2663.0,-0.594741
2663.0,2664.0,-0.198247
2664.0,2665.0,-0.198247
2665.0,2666.0,-0.148685
2666.0,2667.0,-0.198247
2667.0,2668.0,-0.118948
2668.0,2669.0,-0.118948
2669.0,2884.0,-0.0446056
2670.0,2885.0,-0.0892111
2671.0,2886.0,-0.118948
2672.0,2887.0,-0.0594741
2673.0,2674.0,-0.029737
2673.0,2888.0,-0.0148685
2674.0,2675.0,-0.029737
2674.0,2889.0,-0.029737
2675.0,2676.0,-0.0743426
2676.0,2677.0,-0.29737
2677.0,2678.0,-0.29737
2678.0,2679.0,-0.29737
2679.0,2680.0,-0.0991235
2680.0,2681.0,-0.0991235
2681.0,2682.0,-0.0743426
2682.0,2683.0,-0.0991235
2683.0,2684.0,-0.0594741
2684.0,2685.0,-0.0594741
2685.0,2900.0,-0.0223028
2686.0,2901.0,-0.0446056
2687.0,2902.0,-0.0594741
2689.0,2690.0,-0.0743399
2690.0,2691.0,-0.0743227
2691.0,2692.0,-0.0741864
2692.0,2693.0,-0.0225523
2694.0,2695.0,-0.017101
2695.0,2696.0,-0.0247572
2696.0,2697.0,-0.0148683
2697.0,2698.0,-0.0148685
2702.0,2703.0,-0.14868
2703.0,2704.0,-0.148645
2704.0,2705.0,-0.148373
2705.0,2706.0,-0.0451045
2707.0,2708.0,-0.0342021
2708.0,2709.0,-0.0495145
2709.0,2710.0,-0.0297367
2710.0,2711.0,-0.029737
2715.0,2716.0,-0.104076
2716.0,2717.0,-0.104052
2717.0,2718.0,-0.103861
2718.0,2719.0,-0.0315732
2719.0,2735.0,-0.0111512
2720.0,2721.0,-0.0239415
2721.0,2722.0,-0.0346601
2722.0,2723.0,-0.0208157
2722.0,2738.0,-0.0148685
2723.0,2724.0,-0.0208159
2723.0,2739.0,-0.0185857
2724.0,2740.0,-0.0278785
2725.0,2741.0,-0.055757
2726.0,2742.0,-0.0743426
2727.0,2743.0,-0.0371713
2728.0,2744.0,-0.0247392
2729.0,2745.0,-0.0494785
2730.0,2746.0,-0.0346349
2730.0,2731.0,-0.0130099
2731.0,2732.0,-0.0520379
2732.0,2733.0,-0.0520259
2733.0,2734.0,-0.0519305
2734.0,2735.0,-0.0157868
2735.0,2751.0,-0.0148515
2736.0,2752.0,-0.0173458
2737.0,2753.0,-0.0173466
2738.0,2754.0,-0.0198247
2739.0,2755.0,-0.0247809
2740.0,2756.0,-0.0371713
2741.0,2757.0,-0.0743426
2742.0,2758.0,-0.0991235
2743.0,2759.0,-0.0495617
2744.0,2760.0,-0.0225361
2745.0,2761.0,-0.0450723
2746.0,2762.0,-0.0315506
2747.0,2748.0,-0.044604
2748.0,2749.0,-0.0445938
2749.0,2750.0,-0.044513
2750.0,2751.0,-0.0135385
2751.0,2767.0,-0.0137501
2752.0,2768.0,-0.017309
2753.0,2769.0,-0.0173459
2754.0,2770.0,-0.0198247
2755.0,2771.0,-0.0247809
2756.0,2772.0,-0.0371713
2757.0,2773.0,-0.0743426
2758.0,2774.0,-0.0991235
2759.0,2775.0,-0.0495617
2763.0,2764.0,-0.0446047
2764.0,2765.0,-0.0445984
2765.0,2766.0,-0.0445399
2766.0,2767.0,-0.013757
2768.0,2784.0,-0.0160216
2769.0,2785.0,-0.0173313
2770.0,2786.0,-0.0198245
2771.0,2787.0,-0.0247809
2772.0,2788.0,-0.0371713
2773.0,2789.0,-0.0743426
2774.0,2790.0,-0.0991235
2775.0,2791.0,-0.0495617
2776.0,2792.0,-0.017101
2777.0,2793.0,-0.0342021
2778.0,2794.0,-0.0239415
2778.0,2779.0,-0.01301
2779.0,2780.0,-0.0520398
2780.0,2781.0,-0.0520394
2781.0,2782.0,-0.0520368
2782.0,2783.0,-0.0173094
2783.0,2784.0,-0.0160216
2785.0,2786.0,-0.0173459
2786.0,2802.0,-0.0148685
2787.0,2803.0,-0.0185857
2788.0,2804.0,-0.0278785
2789.0,2805.0,-0.055757
2790.0,2806.0,-0.0743426
2791.0,2807.0,-0.0371713
2792.0,2808.0,-0.0247572
2793.0,2809.0,-0.0495145
2794.0,2810.0,-0.0346601
2795.0,2796.0,-0.0520398
2796.0,2797.0,-0.0520398
2797.0,2798.0,-0.0520398
2798.0,2799.0,-0.0173459
2799.0,2800.0,-0.0173313
2800.0,2816.0,-0.0173459
2801.0,2802.0,-0.0173466
2802.0,2818.0,-0.0198247
2803.0,2819.0,-0.0247809
2804.0,2820.0,-0.0371713
2805.0,2821.0,-0.0743426
2806.0,2822.0,-0.0991235
2807.0,2823.0,-0.0495617
2808.0,2824.0,-0.0148683
2809.0,2825.0,-0.0297367
2810.0,2826.0,-0.0208157
2810.0,2811.0,-0.0148685
2811.0,2812.0,-0.0594741
2812.0,2813.0,-0.0594741
2813.0,2814.0,-0.0594741
2814.0,2815.0,-0.0198247
2815.0,2816.0,-0.0198245
2817.0,2818.0,-0.0198247
2819.0,2835.0,-0.0148685
2820.0,2836.0,-0.0223028
2821.0,2837.0,-0.0446056
2822.0,2838.0,-0.0594741
2823.0,2839.0,-0.029737
2824.0,2840.0,-0.0148685
2825.0,2841.0,-0.029737
2826.0,2842.0,-0.0208159
2826.0,2827.0,-0.0185857
2827.0,2828.0,-0.0743426
2828.0,2829.0,-0.0743426
2829.0,2830.0,-0.0743426
2830.0,2831.0,-0.0247809
2831.0,2832.0,-0.0247809
2832.0,2833.0,-0.0185857
2833.0,2834.0,-0.0247809
2836.0,2852.0,-0.0223028
2837.0,2853.0,-0.0446056
2838.0,2854.0,-0.0594741
2839.0,2855.0,-0.029737
2842.0,2843.0,-0.0278785
2843.0,2844.0,-0.111514
2844.0,2845.0,-0.111514
2845.0,2846.0,-0.111514
2846.0,2847.0,-0.0371713
2847.0,2848.0,-0.0371713
2848.0,2849.0,-0.0278785
2849.0,2850.0,-0.0371713
2850.0,2851.0,-0.0223028
2851.0,2852.0,-0.0223028
2858.0,2859.0,-0.055757
2859.0,2860.0,-0.223028
2860.0,2861.0,-0.223028
2861.0,2862.0,-0.223028
2862.0,2863.0,-0.0743426
2863.0,2864.0,-0.0743426
2864.0,2865.0,-0.055757
2865.0,2866.0,-0.0743426
2866.0,2867.0,-0.0446056
2867.0,2868.0,-0.0446056
2874.0,2875.0,-0.0743426
2875.0,2876.0,-0.29737
2876.0,2877.0,-0.29737
2877.0,2878.0,-0.29737
2878.0,2879.0,-0.0991235
2879.0,2880.0,-0.0991235
2880.0,2881.0,-0.0743426
2881.0,2882.0,-0.0991235
2882.0,2883.0,-0.0594741
2883.0,2884.0,-0.0594741
2890.0,2891.0,-0.0371713
2891.0,2892.0,-0.148685
2892.0,2893.0,-0.148685
2893.0,2894.0,-0.148685
2894.0,2895.0,-0.0495617
2895.0,2896.0,-0.0495617
2896.0,2897.0,-0.0371713
2897.0,2898.0,-0.0495617
2898.0,2899.0,-0.029737
2899.0,2900.0,-0.029737
